diff_temp; diff_vazao; out_hot; out_cold
-10.0;-1.2000000000000899E-4;0.4999999999999993;0.43000030000300155
-9.966428090152977;-3.9804778673357966E-4;0.5000000000000003;0.4305165619917643
-9.933186686703127;-6.730111036860054E-4;0.5000000000000012;0.4310287890363385
-9.900273398830944;-9.44915751338038E-4;0.49999999999999867;0.4315365468398539
-9.867685747894015;-0.001213789213465044;0.4999999999999989;0.432039713941404
-9.835421229925235;-0.0014796594056052381;0.5000000000000021;0.43253842866326064
-9.8034773677422;-0.0017425536378755657;0.500000000000001;0.4330332883929108
-9.77185180304231;-0.0020024967859734177;0.499999999999999;0.4335236506445196
-9.740542048472818;-0.0022595162402198055;0.5000000000000017;0.43400954157519334
-9.709545621934026;-0.0025136392314920597;0.5000000000000014;0.4344912589865651
-9.678860101449569;-0.002764891747283893;0.49999999999999956;0.43496909764144176
-9.648483124858934;-0.0030132985464540463;0.500000000000002;0.4354425560847066
-9.61841222954856;-0.0032588863395177636;0.5000000000000011;0.435911660438299
-9.588644959216595;-0.0035016816764961156;0.500000000000001;0.43637674851784203
-9.559178927189016;-0.0037417097020615575;0.5000000000000006;0.4368380457854282
-9.530011793915726;-0.003978994607455544;0.5;0.43729507808575496
-9.501141125213927;-0.004213562427275108;0.5000000000000016;0.4377478714885302
-9.472564494181935;-0.004445439034851062;0.5000000000000003;0.43819666679090297
-9.444279525154588;-0.004674649283819443;0.5000000000000014;0.43864188924362607
-9.416283931539681;-0.004901216272985565;0.5000000000000013;0.4390829600459406
-9.388575310955567;-0.0051251653653123785;0.500000000000001;0.43951990519691936
-9.361151269184514;-0.005346521761998013;0.5000000000000013;0.43995275079816165
-9.33400942040949;-0.0055653105018698135;0.49999999999999817;0.4403823179266518
-9.30714755051445;-0.005781553280466478;0.49999999999999933;0.44080787980623604
-9.28056329918056;-0.00599527465355032;0.49999999999999967;0.4412294274122029
-9.25425430784956;-0.006206499155157141;0.49999999999999933;0.4416469867409968
-9.228218227140498;-0.0064152511568290604;0.5000000000000007;0.44206095986001065
-9.202452794637047;-0.006621553361531474;0.4999999999999994;0.4424714541827448
-9.17695577411752;-0.006825427988184307;0.5000000000000007;0.4428780438039605
-9.151724845361002;-0.007026898909063606;0.5000000000000013;0.4432807545950302
-9.126757698020697;-0.007225989834083957;0.4999999999999999;0.44367961249411697
-9.10205203181049;-0.007422724310443329;0.5000000000000014;0.44407524505918305
-9.077605681657538;-0.007617123310988294;0.5000000000000007;0.4444673058553025
-9.053416415084975;-0.00780920914644434;0.5000000000000002;0.44485559549193093
-9.029481963094842;-0.007999004871193316;0.49999999999999883;0.44524013974773724
-9.005800067349568;-0.008186533377377181;0.5000000000000006;0.4456209644485205
-8.98236848033233;-0.008371817394678738;0.500000000000002;0.44599871359051585
-8.959185094745944;-0.008554877010052642;0.5000000000000013;0.44637299977118333
-8.936247727506945;-0.008735733814384972;0.5000000000000002;0.44674364632277497
-8.913554164196604;-0.008914410051538146;0.49999999999999967;0.44711067887797923
-8.89110220172493;-0.009090927803716009;0.4999999999999995;0.4474741230980988
-8.86888964846634;-0.009265308991368126;0.5000000000000012;0.44783441062155327
-8.846914409787981;-0.009437573742890337;0.5000000000000014;0.4481915663445901
-8.825174402327601;-0.009607742033495459;0.5000000000000013;0.44854521187699736
-8.803667469067292;-0.009775835305348646;0.49999999999999983;0.4488953726544248
-8.782391464875346;-0.009941874839966003;0.49999999999999967;0.44924207412376166
-8.761344256618806;-0.01010588175823357;0.49999999999999983;0.4495853417381647
-8.740523723271078;-0.010267877020458283;0.5000000000000006;0.4499259456400261
-8.719927913744566;-0.010427878432921256;0.4999999999999986;0.45026321781659356
-8.69955474164961;-0.010585906439689818;0.5000000000000002;0.45059713225323333
-8.679402122028236;-0.010741981532185974;0.5000000000000009;0.4509277141349264
-8.65946798235338;-0.010896124042715782;0.49999999999999933;0.45125498863705643
-8.63975026261528;-0.01104835414462324;0.5000000000000004;0.4515789908070533
-8.620246917508581;-0.011198691812698502;0.5000000000000002;0.45190050324269376
-8.60095607585546;-0.011347153815614353;0.5;0.4522187826404959
-8.581875714624307;-0.011493759866559983;0.5000000000000004;0.4525338538787697
-8.563003823551728;-0.01163852952147959;0.5000000000000012;0.452845741811495
-8.54433840520921;-0.011781482179323288;0.5000000000000009;0.4531544712641387
-8.525877475065709;-0.011922637082318777;0.4999999999999995;0.4534600670296221
-8.507619061546158;-0.01206201331626866;0.5000000000000001;0.45376306621334106
-8.489561315947647;-0.012199627747616737;0.4999999999999995;0.4540632218124963
-8.4717023438477;-0.01233549818859292;0.5000000000000007;0.4543603156964796
-8.454040211547547;-0.012469643277445042;0.5000000000000003;0.454654372315363
-8.43657299845951;-0.012602081498070294;0.5000000000000006;0.4549454160737607
-8.419298797148045;-0.012732831180393367;0.4999999999999996;0.4552334713271996
-8.40221571336713;-0.01286191050076746;0.5000000000000001;0.4555185623785827
-8.385321866094088;-0.012989337482392727;0.49999999999999967;0.45580134567642494
-8.368615523991448;-0.01311512744748955;0.49999999999999817;0.4560813055810566
-8.352094851788024;-0.013239297751214796;0.49999999999999967;0.4563583708144283
-8.335758006798681;-0.0133618659829009;0.5000000000000017;0.45663256529684393
-8.319603159632287;-0.013482849581106349;0.49999999999999933;0.456903912884853
-8.303628494210198;-0.013602265834104177;0.4999999999999998;0.4571724373681346
-8.287832207781566;-0.013720131880390007;0.4999999999999996;0.4574381624664301
-8.272212510935553;-0.013836464709207075;0.5000000000000006;0.45770145959274244
-8.256767703102277;-0.013951279758127821;0.5000000000000019;0.45796235030385823
-8.24149609626675;-0.014064592329713577;0.4999999999999991;0.45822050865543995
-8.226395939432123;-0.01417641899395572;0.5000000000000007;0.4584759579509235
-8.211465494938633;-0.01428677617422236;0.49999999999999895;0.45872872141437926
-8.196703038462587;-0.014395680147841206;0.5000000000000008;0.45897882218787034
-8.182106859012514;-0.014503147046697862;0.4999999999999992;0.4592262833288671
-8.167675258922685;-0.01460919285784601;0.5000000000000009;0.45947112780775456
-8.153406553844011;-0.014713833424133904;0.500000000000002;0.4597136841042343
-8.139299139478762;-0.014817083210912463;0.5000000000000001;0.4599540207321386
-8.125351434472908;-0.014918956360445046;0.5000000000000007;0.46019180480580235
-8.111561792575706;-0.015019468313927642;0.49999999999999906;0.46042705884617297
-8.097928580778301;-0.015118634371217299;0.49999999999999817;0.4606598052795697
-8.084450179293608;-0.015216469691504031;0.500000000000001;0.4608900664355514
-8.07112498153387;-0.015312989293992496;0.5000000000000001;0.46111786454482145
-8.057951394086071;-0.015408208058596107;0.500000000000001;0.46134322173724757
-8.04492783668513;-0.015502140726639912;0.5;0.46156616003991957
-8.03205274218502;-0.015594801901576916;0.4999999999999991;0.4617870836839331
-8.019324640549133;-0.015686204504683388;0.5000000000000007;0.46200586456536263
-8.006742041370575;-0.01577636193242815;0.4999999999999996;0.462222287307304
-7.994303414811604;-0.01586528840736412;0.5000000000000001;0.4624363734585276
-7.98200724401287;-0.015952998017238373;0.4999999999999996;0.46264814445948543
-7.969852025055758;-0.016039504715738562;0.5000000000000001;0.462857621640713
-7.957836266923039;-0.0161248223232483;0.5000000000000012;0.46306482622126105
-7.945958491457745;-0.01620896452760978;0.4999999999999996;0.4632697793072106
-7.934217233320354;-0.016291944884895493;0.5000000000000013;0.4634725018902575
-7.922611039944371;-0.016373776820185815;0.5000000000000001;0.463673014846336
-7.911138471490325;-0.016454473628353394;0.5000000000000017;0.46387178100456306
-7.899798198551565;-0.016534046686772497;0.5000000000000007;0.46406850430368773
-7.888588833720014;-0.016612508531957504;0.5000000000000007;0.46426307492438146
-7.877508973153681;-0.016689872101771974;0.5000000000000002;0.4644555132429721
-7.866557225540561;-0.016766150207079944;0.5;0.46464583951650174
-7.8557322120461635;-0.01684135553254984;0.5000000000000007;0.4648340738816178
-7.845032566259746;-0.016915500637464165;0.5000000000000007;0.46502023635353906
-7.834456934139311;-0.016988597956534734;0.5000000000000007;0.46520434682507694
-7.824003973955357;-0.017060659800721356;0.5000000000000014;0.46538642506570027
-7.813672356233454;-0.01713169835805517;0.5000000000000006;0.46556649072064893
-7.803460763695718;-0.01720172569446632;0.5000000000000007;0.4657445633101123
-7.793367891201157;-0.017270753754615953;0.4999999999999988;0.4659210047851693
-7.783392521882831;-0.01733879297602403;0.49999999999999917;0.4660956657146665
-7.773533412884312;-0.01740585436480746;0.4999999999999994;0.46626838630786854
-7.7637892932266865;-0.017471949535407316;0.4999999999999994;0.46643918557441894
-7.754158903827097;-0.017537089984269394;0.5000000000000008;0.46660808239726054
-7.744640997434793;-0.017601287090682538;0.49999999999999917;0.46677509553201413
-7.735234338566336;-0.01766455211762019;0.5000000000000001;0.46694024360644637
-7.725937703439975;-0.01772689621258361;0.49999999999999906;0.4671035451199294
-7.71674987990923;-0.01778833040844685;0.4999999999999998;0.4672650184429792
-7.707669667395763;-0.01784886562430399;0.5000000000000003;0.4674246818168106
-7.698695876821446;-0.01790851266631799;0.5000000000000004;0.46758255335296794
-7.689827330539856;-0.017967282228569248;0.5000000000000002;0.46773865103294526
-7.681062862267062;-0.018025184893907142;0.499999999999999;0.4678929927079028
-7.67240131701179;-0.018082231134800897;0.49999999999999956;0.46804600260159407
-7.663841641971672;-0.01813842966728274;0.49999999999999944;0.46819734373592625
-7.655382715539851;-0.01819379054158854;0.5000000000000016;0.46834697663841623
-7.647023414366458;-0.01824832393159803;0.49999999999999933;0.4684949186511663
-7.638762626122158;-0.01830203990406354;0.5000000000000014;0.46864118698609275
-7.630599249426048;-0.01835494841945884;0.49999999999999967;0.46878579872477816
-7.6225321937731465;-0.018407059332825937;0.5000000000000006;0.4689287708183787
-7.614560379461508;-0.01845838239462194;0.5000000000000003;0.46907012008753163
-7.606682737518874;-0.018508927251565388;0.5000000000000007;0.46920986322232466
-7.5988982096290485;-0.01855870344748256;0.5;0.46934801678228055
-7.591205748057931;-0.018607720424150265;0.4999999999999986;0.4694845971963761
-7.5836043155792225;-0.018655987522141593;0.5000000000000003;0.46961962076309877
-7.5760928853998735;-0.01870351398166581;0.49999999999999906;0.46975310365050515
-7.568670441085324;-0.018750308943410454;0.49999999999999895;0.46988506189634993
-7.561335976484472;-0.01879638144938023;0.5000000000000013;0.4700155114082076
-7.554088495654447;-0.01884174044373399;0.4999999999999998;0.47014479507532037
-7.546927086410491;-0.018886393447348437;0.49999999999999967;0.4702726707542701
-7.539850788092146;-0.018930348935322305;0.49999999999999983;0.47039907991606605
-7.53285863324065;-0.01897361558873467;0.4999999999999996;0.4705240379769361
-7.5259496643189365;-0.01901620199394416;0.5000000000000012;0.4706475602246302
-7.519122933635906;-0.019058116643413392;0.5000000000000001;0.47076966181864255
-7.512377503270606;-0.01909936793653033;0.5;0.47089035779052074
-7.505712444996412;-0.019139964180428848;0.5000000000000003;0.4710096630441332
-7.499126840205115;-0.019179913590804176;0.5000000000000001;0.4711275923559951
-7.492619779831045;-0.019219224292727488;0.49999999999999895;0.4712441603756112
-7.486190364275139;-0.019257904321457242;0.5000000000000012;0.4713593816258303
-7.479837703329096;-0.019295961623246205;0.4999999999999994;0.47147327050320614
-7.4735609160995224;-0.019333404056147585;0.4999999999999992;0.47158584127843023
-7.467359130932145;-0.019370239390815613;0.4999999999999994;0.4716971080967101
-7.461231485336128;-0.019406475311305127;0.5000000000000003;0.4718070849782232
-7.4551771259084205;-0.0194421194158656;0.5000000000000001;0.47191578581855226
-7.449195208258274;-0.019477179217732732;0.49999999999999956;0.47202322438916605
-7.443284896931814;-0.019511662145917708;0.4999999999999992;0.47212941433789146
-7.4374453653368136;-0.01954557554598968;0.5000000000000013;0.4722345152655886
-7.431675828730427;-0.019578926088174242;0.5000000000000007;0.47233857850176675
-7.425975519438225;-0.019611720209248396;0.5000000000000001;0.47244142906033426
-7.420343635498085;-0.01964396503171484;0.5;0.472543080134885
-7.414779383527446;-0.019675667597507718;0.4999999999999991;0.47264354479821885
-7.409281978648963;-0.019706834868755685;0.5000000000000004;0.47274283600289474
-7.403850644416302;-0.019737473728544064;0.5000000000000011;0.47284096658177716
-7.398484612740212;-0.019767590981670247;0.5000000000000011;0.4729379492486259
-7.393183123814808;-0.01979719335539676;0.4999999999999988;0.4730337965986665
-7.387945426044077;-0.019826287500199102;0.5000000000000006;0.47312852110919906
-7.3827707759686945;-0.019854879990510277;0.49999999999999956;0.4732221351401817
-7.377658438193038;-0.019882977325459406;0.5000000000000007;0.4733146509348727
-7.372607685312516;-0.01991058592960826;0.5000000000000006;0.4734060806204322
-7.3676177978411985;-0.019937712153681564;0.499999999999999;0.47349643620857335
-7.362688064139682;-0.01996436227529319;0.4999999999999994;0.47358572959620937
-7.357817780343325;-0.019990542499668473;0.5000000000000006;0.47367397256608984
-7.353006250290733;-0.020016258960362077;0.49999999999999956;0.47376117678747615
-7.348252785452608;-0.020041517719969204;0.4999999999999994;0.47384735381680704
-7.343556704860937;-0.020066324770835586;0.4999999999999998;0.473932515098373
-7.338917335038438;-0.020090686035760696;0.5000000000000001;0.47401667196500114
-7.334334009928455;-0.020114607368695636;0.49999999999999917;0.47409983563874164
-7.329806070825114;-0.020138094555438357;0.5000000000000006;0.4741820172315766
-7.325332866303896;-0.020161153314322555;0.5000000000000011;0.4742632277460999
-7.320913752152549;-0.02018378929690301;0.5000000000000012;0.47434347807624705
-7.316548091302344;-0.020206008088634486;0.5000000000000008;0.47442298312359354
-7.312235300220642;-0.020227814380829545;0.5000000000000008;0.4745016000576847
-7.307974767095779;-0.020249213426606016;0.4999999999999991;0.47457928529518867
-7.303765874642124;-0.020270210635682462;0.4999999999999991;0.47465604933971467
-7.299608012463395;-0.020290811354127247;0.4999999999999998;0.4747319025897068
-7.295500576985738;-0.020311020865015128;0.49999999999999895;0.474806855339164
-7.291442971391234;-0.020330844389079172;0.5000000000000001;0.47488091777838887
-7.287434605551816;-0.020350287085358687;0.49999999999999917;0.4749540999946932
-7.283474895963586;-0.02036935405184037;0.4999999999999992;0.47502641197315393
-7.279563265681546;-0.020388050326096585;0.49999999999999944;0.47509786359734063
-7.27569914425473;-0.020406380885917064;0.5000000000000008;0.47516846465005796
-7.271881967661777;-0.020424350649936973;0.5000000000000001;0.47523822481408773
-7.268111178246912;-0.02044196447825941;0.5000000000000011;0.475307153672937
-7.264386224656356;-0.02045922717307247;0.4999999999999984;0.47537526071157654
-7.260706561775159;-0.020476143479263742;0.5000000000000016;0.47544255531720736
-7.2570716506644715;-0.020492718085026396;0.49999999999999933;0.4755090467799731
-7.253480958499253;-0.020508955622462466;0.4999999999999997;0.4755747442937564
-7.249933958506382;-0.020524860668182043;0.5000000000000009;0.47563965695689153
-7.246430129903267;-0.020540437743894913;0.5000000000000003;0.4757037937729364
-7.242968957836823;-0.02055569131700008;0.5000000000000004;0.47576716365142024
-7.239549933322948;-0.020570625801167863;0.5000000000000014;0.4758297754085898
-7.236172553186414;-0.020585245556919318;0.49999999999999956;0.47589163776816606
-7.232836320001205;-0.020599554892199112;0.49999999999999917;0.47595275936210163
-7.229540742031318;-0.020613558062944515;0.49999999999999933;0.4760131487313203
-7.226285333171987;-0.020627259273648835;0.5000000000000002;0.476072814326474
-7.223069612891358;-0.02064066267792053;0.49999999999999956;0.476131764508693
-7.219893106172634;-0.020653772379037094;0.5000000000000008;0.47619000755033747
-7.216755343456654;-0.0206665924304944;0.5000000000000013;0.4762475516357345
-7.213655860584893;-0.020679126836551154;0.5000000000000013;0.4763044048619366
-7.210594198742982;-0.020691379552767897;0.49999999999999856;0.4763605752394617
-7.207569904404629;-0.020703354486542258;0.5000000000000003;0.47641607069304476
-7.204582529275967;-0.020715055497638746;0.4999999999999997;0.4764708990623598
-7.201631630240435;-0.020726486398713995;0.5000000000000012;0.47652506810278333
-7.198716769304028;-0.020737650955836906;0.5000000000000003;0.47657866385299064
-7.19583753147289;-0.02074855257066277;0.5000000000000001;0.47663171287305334
-7.192993510973537;-0.020759194523499502;0.5000000000000001;0.47668412271318517
-7.190184283948177;-0.02076958045723898;0.5000000000000001;0.4767359008313272
-7.187409431461219;-0.020779713970034308;0.4999999999999998;0.4767870546045202
-7.184668539446633;-0.020789598615799876;0.5000000000000003;0.47683759132961506
-7.181961198655799;-0.020799237904704504;0.4999999999999998;0.47688751822400466
-7.179287004605769;-0.02080863530366117;0.49999999999999895;0.476936842426338
-7.176645557527991;-0.020817794236812515;0.4999999999999994;0.4769855709972454
-7.174036462317474;-0.020826718086009777;0.49999999999999856;0.47703371092003877
-7.171459328482399;-0.02083541019128965;0.5000000000000009;0.47708126910144166
-7.1689137700941785;-0.02084387385134523;0.49999999999999933;0.4771282523722708
-7.166399405737941;-0.020852112323992422;0.4999999999999997;0.4771746674881731
-7.163915858463476;-0.02086012882663213;0.49999999999999994;0.47722052113030117
-7.161462755736601;-0.02086792653670877;0.4999999999999995;0.4772658199060225
-7.159039729390976;-0.02087550859216225;0.5000000000000006;0.4773105703496175
-7.15664641558034;-0.020882878091878387;0.5000000000000006;0.47735477892296285
-7.1542824547312165;-0.020890038096132435;0.5000000000000014;0.47739845201622483
-7.15194749149601;-0.020896991627029182;0.4999999999999998;0.4774415959485398
-7.149641174706545;-0.020903741668939713;0.49999999999999994;0.4774842169687033
-7.147363157328066;-0.02091029116893206;0.5000000000000003;0.47752632125583844
-7.145113096413617;-0.020916643037198757;0.49999999999999994;0.4775679149200693
-7.142890653058885;-0.020922800147479603;0.5000000000000003;0.47760900400319356
-7.14069549235743;-0.020928765337481114;0.4999999999999997;0.47764959447934957
-7.138527283356375;-0.020934541409290408;0.500000000000001;0.4776896922556778
-7.136385699012493;-0.020940131129785877;0.5000000000000002;0.4777293031729655
-7.134270416148716;-0.02094553723104331;0.5000000000000003;0.4777684330063214
-7.132181115411065;-0.020950762410738233;0.5000000000000001;0.4778070874658078
-7.13011748122598;-0.02095580933254404;0.5000000000000003;0.4778452721970965
-7.128079201758069;-0.020960680626525674;0.4999999999999994;0.47788299278210367
-7.126065968868254;-0.02096537888952965;0.5;0.4779202547396283
-7.124077478072373;-0.020969906685570416;0.4999999999999989;0.47795706352598233
-7.1221134285001;-0.020974266546211817;0.49999999999999867;0.47799342453562915
-7.120173522854351;-0.02097846097094569;0.4999999999999997;0.47802934310179485
-7.1182574673710235;-0.020982492427565336;0.5000000000000001;0.4780648244970937
-7.116364971779184;-0.020986363352536563;0.5000000000000014;0.47809987393414655
-7.114495749261607;-0.02099007615136339;0.5000000000000008;0.47813449656618107
-7.11264951641575;-0.02099363319895109;0.5000000000000003;0.47816869748765356
-7.110825993215066;-0.0209970368399649;0.4999999999999997;0.4782024817348395
-7.109024902970738;-0.021000289389184412;0.5000000000000004;0.4782358542864419
-7.107245972293818;-0.021003393131856063;0.4999999999999989;0.4782688200641662
-7.105488931057685;-0.021006350324039302;0.5000000000000003;0.47830138393333593
-7.103753512360939;-0.02100916319295143;0.5000000000000011;0.47833355070344685
-7.102039452490622;-0.02101183393730799;0.5000000000000006;0.47836532512877294
-7.100346490885883;-0.021014364727658164;0.4999999999999989;0.4783967119089257
-7.098674370101925;-0.02101675770671929;0.4999999999999997;0.4784277156894378
-7.0970228357744105;-0.021019014989705043;0.5000000000000002;0.478458341062317
-7.095391636584161;-0.021021138664652272;0.5000000000000002;0.47848859256661297
-7.093780524222247;-0.021023130792743094;0.5000000000000014;0.4785184746889799
-7.092189253355464;-0.021024993408623405;0.499999999999999;0.47854799186421576
-7.090617581592113;-0.02102672852071963;0.5000000000000002;0.4785771484758375
-7.0890652694481915;-0.02102833811154925;0.4999999999999997;0.47860594885658686
-7.087532080313892;-0.021029824138030784;0.49999999999999956;0.4786343972890071
-7.086017780420484;-0.021031188531788425;0.4999999999999993;0.47866249800595234
-7.084522138807486;-0.02103243319945447;0.49999999999999867;0.4786902551911309
-7.0830449272903095;-0.021033560022967746;0.49999999999999994;0.47871767297962636
-7.0815859204280684;-0.021034570859869595;0.4999999999999983;0.4787447554584168
-7.08014489549187;-0.021035467543595088;0.500000000000001;0.478771506666905
-7.078721632433364;-0.021036251883763457;0.5000000000000001;0.4787980112424883
-7.077315932396374;-0.02103692533876944;0.4999999999999994;0.47882420023823175
-7.075927582236666;-0.02103748964128349;0.5000000000000001;0.4788500683971875
-7.074556369279733;-0.021037946538336905;0.49999999999999867;0.4788756195933669
-7.07320208341752;-0.021038297754159774;0.5000000000000003;0.4789008576554811
-7.071864517078531;-0.0210385449904551;0.5000000000000006;0.47892578636741495
-7.070543465198234;-0.02103868992667146;0.5000000000000008;0.4789504094687301
-7.069238725189798;-0.021038734220270694;0.49999999999999867;0.4789747306551367
-7.067950096915133;-0.02103867950699434;0.5000000000000009;0.4789987535789931
-7.06667738265628;-0.02103852740112644;0.5000000000000001;0.4790224818497484
-7.065420387087087;-0.021038279495752876;0.5000000000000006;0.47904591903444455
-7.064178917245158;-0.021037937363019177;0.5;0.47906906865816345
-7.062952782504155;-0.021037502554383747;0.49999999999999906;0.4790919342044964
-7.061741794546407;-0.02103697660086934;0.49999999999999983;0.47911451911600206
-7.0605457673357535;-0.021036361013311855;0.4999999999999993;0.4791368267946558
-7.059364517090792;-0.02103565728260548;0.49999999999999994;0.4791588606023017
-7.058197862258282;-0.021034866879945602;0.4999999999999991;0.47918062386109683
-7.057045623486957;-0.02103399125706884;0.4999999999999996;0.47920211985395583
-7.055907623601591;-0.021033031846490302;0.49999999999999917;0.47922335182497855
-7.054783687577306;-0.021031990061738837;0.49999999999999917;0.4792443229798909
-7.053673642514205;-0.021030867297587852;0.5000000000000003;0.47926503648647373
-7.052577317612311;-0.02102966493028624;0.4999999999999998;0.4792854954749739
-7.051494544146728;-0.02102838431778309;0.5000000000000004;0.47930570303854364
-7.050425155443101;-0.02102702679995405;0.5000000000000004;0.47932566223364137
-7.049368986853331;-0.021025593698821288;0.4999999999999996;0.47934537608045047
-7.048325875731614;-0.02102408631877306;0.5000000000000001;0.47936484756328773
-7.047295661410693;-0.021022505946780123;0.4999999999999997;0.47938407963100005
-7.0462781851784015;-0.021020853852610544;0.4999999999999994;0.479403075197377
-7.045273290254443;-0.02101913128903954;0.500000000000001;0.47942183714153447
-7.044280821767465;-0.021017339492060527;0.4999999999999991;0.479440368308308
-7.043300626732361;-0.021015479681090965;0.5000000000000007;0.47945867150865634
-7.042332554027865;-0.021013553059176626;0.5000000000000007;0.4794767495200215
-7.041376454374365;-0.021011560813193553;0.4999999999999996;0.4794946050867275
-7.040432180311953;-0.021009504114048227;0.49999999999999856;0.4795122409203499
-7.0394995861787635;-0.021007384116874417;0.5000000000000003;0.4795296597000932
-7.038578528089559;-0.02100520196122857;0.49999999999999867;0.47954686407314756
-7.037668863914497;-0.02100295877128222;0.49999999999999994;0.4795638566550732
-7.036770453258207;-0.0210006556560125;0.5000000000000001;0.4795806400301406
-7.035883157439073;-0.020998293709391214;0.5000000000000006;0.4795972167517078
-7.03500683946875;-0.020995874010570015;0.49999999999999867;0.4796135893425574
-7.0341413640319175;-0.020993397624064825;0.5000000000000007;0.4796297602952679
-7.033286597466272;-0.02099086559993757;0.49999999999999933;0.47964573207253297
-7.032442407742742;-0.02098827897397626;0.4999999999999989;0.47966150710752886
-7.031608664445912;-0.020985638767871406;0.49999999999999983;0.4796770878042462
-7.030785238754724;-0.020982945989392987;0.5000000000000012;0.47969247653781827
-7.02997200342331;-0.020980201632562978;0.5000000000000013;0.47970767565486233
-7.029168832762139;-0.02097740667782655;0.5;0.4797226874738076
-7.02837560261932;-0.02097456209222237;0.49999999999999833;0.4797375142852211
-7.027592190362142;-0.02097166882954893;0.49999999999999983;0.4797521583521323
-7.026818474858835;-0.020968727830531053;0.49999999999999983;0.4797666219103367
-7.026054336460518;-0.02096574002298246;0.49999999999999867;0.47978090716873234
-7.02529965698335;-0.020962706321967395;0.49999999999999917;0.47979501630962296
-7.024554319690935;-0.020959627629960842;0.49999999999999906;0.47980895148902236
-7.023818209276882;-0.02095650483700562;0.5000000000000004;0.4798227148369672
-7.023091211847593;-0.020953338820868583;0.5000000000000003;0.47983630845781206
-7.02237321490523;-0.020950130447194626;0.4999999999999993;0.479849734430536
-7.021664107330885;-0.020946880569658655;0.5000000000000006;0.479862994809037
-7.020963779367982;-0.020943590030116033;0.5000000000000006;0.4798760916224147
-7.020272122605817;-0.02094025965875157;0.5000000000000012;0.47988902687527646
-7.019589029963306;-0.020936890274225517;0.5;0.4799018025480071
-7.018914395672965;-0.020933482683819893;0.49999999999999933;0.47991442059706657
-7.018248115264996;-0.020930037683579816;0.5000000000000006;0.479926882955261
-7.017590085551625;-0.020926556058457835;0.5000000000000008;0.47993919153202125
-7.016940204611636;-0.02092303858245137;0.49999999999999917;0.47995134821367574
-7.016298371774994;-0.020919486018742606;0.4999999999999989;0.47996335486373004
-7.0156644876077365;-0.020915899119834047;0.49999999999999983;0.4799752133231268
-7.01503845389702;-0.0209122786276843;0.4999999999999989;0.4799869254105064
-7.014420173636296;-0.020908625273841408;0.5;0.4799984929224863
-7.013809551010752;-0.020904939779573417;0.49999999999999917;0.48000991763390194
-7.013206491382817;-0.02090122285600038;0.49999999999999933;0.4800212012980764
-7.012610901277917;-0.02089747520422136;0.5000000000000012;0.4800323456470667
-7.012022688370379;-0.02089369751544279;0.5000000000000004;0.480043352391913
-7.011441761469463;-0.02088989047110279;0.49999999999999994;0.48005422322289726
-7.010868030505613;-0.020886054742996207;0.5000000000000008;0.48006495980978375
-7.010301406516845;-0.02088219099339661;0.5000000000000008;0.48007556380204996
-7.009741801635265;-0.020878299875177753;0.4999999999999985;0.4800860368291437
-7.009189129073832;-0.02087438203193237;0.49999999999999906;0.48009638050071674
-7.0086433031131605;-0.020870438098091193;0.500000000000001;0.48010659640685077
-7.008104239088588;-0.02086646869903952;0.5000000000000011;0.48011668611829117
-7.007571853377328;-0.020862474451231905;0.49999999999999917;0.48012665118668363
-7.0070460633858005;-0.020858455962306954;0.5000000000000003;0.4801364931448046
-7.006526787537098;-0.020854413831199015;0.4999999999999989;0.48014621350676406
-7.00601394525863;-0.020850348648250083;0.5000000000000013;0.4801558137682557
-7.005507456969866;-0.020846260995318944;0.4999999999999984;0.480165295406745
-7.005007244070292;-0.02084215144589041;0.5000000000000002;0.48017465988172214
-7.004513228927429;-0.02083802056518158;0.5000000000000001;0.48018390863488175
-7.004025334865055;-0.020833868910248743;0.4999999999999987;0.480193043090356
-7.003543486151543;-0.020829697030091188;0.5000000000000006;0.4802020646549212
-7.003067607988363;-0.02082550546575468;0.49999999999999906;0.48021097471819324
-7.0025976264986625;-0.020821294750433927;0.5000000000000003;0.4802197746528502
-7.002133468716046;-0.0208170654095724;0.4999999999999994;0.48022846581481843
-7.0016750625734545;-0.020812817960963126;0.5000000000000001;0.4802370495434852
-7.001222336892191;-0.020808552914846512;0.4999999999999995;0.48024552716188695
-7.000775221371065;-0.020804270774006706;0.4999999999999985;0.48025389997691
-7.00033364657569;-0.020799972033869518;0.49999999999999917;0.4802621692794872
-6.999897543927879;-0.020795657182594907;0.5000000000000003;0.4802703363447789
-6.999466845695181;-0.020791326701172452;0.49999999999999867;0.48027840243236747
-6.999041484980552;-0.020786981063512844;0.5000000000000001;0.4802863687864531
-6.998621395712135;-0.020782620736539692;0.49999999999999956;0.4802942366360166
-6.998206512633168;-0.02077824618027968;0.5;0.480302007195026
-6.997796771292002;-0.02077385784795116;0.49999999999999983;0.48030968166259974
-6.997392108032287;-0.020769456186053414;0.5000000000000003;0.4803172612231952
-6.996992459983197;-0.020765041634452253;0.49999999999999983;0.48032474704677675
-6.9965977650498274;-0.020760614626466833;0.5000000000000006;0.48033214028899773
-6.9962079619037;-0.02075617558895415;0.49999999999999956;0.4803394420913656
-6.9958229899733695;-0.020751724942392635;0.49999999999999994;0.4803466535814188
-6.995442789435174;-0.02074726310096575;0.5000000000000001;0.4803537758728903
-6.995067301204031;-0.02074279047264249;0.5000000000000006;0.4803608100658758
-6.994696466924431;-0.020738307459258865;0.5000000000000003;0.4803677572469942
-6.994330228961438;-0.020733814456598054;0.4999999999999994;0.4803746184895594
-6.993968530391918;-0.020729311854467802;0.5000000000000004;0.48038139485373305
-6.993611314995775;-0.0207248000367799;0.5000000000000017;0.4803880873866817
-6.993258527247335;-0.020720279381625795;0.5000000000000004;0.48039469712273686
-6.992910112306824;-0.02071575026135264;0.5000000000000006;0.4804012250835576
-6.992566016011956;-0.020711213042638343;0.49999999999999883;0.4804076722782673
-6.992226184869622;-0.020706668086566626;0.5000000000000001;0.4804140397036234
-6.991890566047665;-0.020702115748697736;0.5000000000000006;0.4804203283441462
-6.9915591073667755;-0.020697556379143278;0.5000000000000009;0.4804265391722876
-6.991231757292475;-0.020692990322635385;0.5000000000000016;0.48043267314856386
-6.9909084649271875;-0.02068841791859899;0.5000000000000006;0.4804387312217014
-6.990589180002424;-0.020683839501219325;0.4999999999999998;0.48044471432879016
-6.990273852871063;-0.02067925539951243;0.4999999999999995;0.48045062339540884
-6.989962434499681;-0.02067466593739209;0.5000000000000008;0.4804564593357776
-6.989654876461046;-0.02067007143373678;0.4999999999999996;0.4804622230528834
-6.98935113092665;-0.020665472202456403;0.500000000000001;0.4804679154386324
-6.98905115065935;-0.020660868552556666;0.49999999999999917;0.48047353737396337
-6.988754889006103;-0.020656260788204817;0.500000000000001;0.48047908972900727
-6.988462299890763;-0.020651649208792033;0.5000000000000008;0.48048457336318817
-6.988173337807019;-0.020647034108997486;0.5000000000000017;0.4804899891253801
-6.987887957811353;-0.020642415778850065;0.5000000000000001;0.48049533785401516
-6.987606115516122;-0.02063779450378911;0.5000000000000014;0.4805006203772278
-6.987327767082739;-0.020633170564726022;0.49999999999999845;0.48050583751296
-6.987052869214878;-0.020628544238103896;0.5000000000000013;0.48051099006911424
-6.986781379151836;-0.020623915795955905;0.5000000000000017;0.4805160788436369
-6.986513254661915;-0.02061928550596448;0.49999999999999956;0.4805211046246695
-6.986248454035916;-0.020614653631518265;0.49999999999999845;0.48052606819066385
-6.985986936080714;-0.02061002043176996;0.49999999999999994;0.48053097031049086
-6.985728660112869;-0.020605386161691386;0.4999999999999997;0.48053581174355386
-6.985473585952391;-0.020600751072129886;0.4999999999999995;0.4805405932399235
-6.985221673916513;-0.020596115409862392;0.5000000000000001;0.48054531554042956
-6.984972884813573;-0.020591479417650382;0.4999999999999984;0.48054997937678656
-6.9847271799369395;-0.020586843334292726;0.5000000000000004;0.48055458547170665
-6.984484521059073;-0.02058220739467831;0.4999999999999991;0.48055913453899257
-6.9842448704255915;-0.02057757182983888;0.5000000000000008;0.48056362728367114
-6.984008190749442;-0.020572936867000013;0.5000000000000001;0.48056806440207483
-6.983774445205135;-0.020568302729631505;0.5000000000000011;0.4805724465819687
-6.983543597423079;-0.02056366963749834;0.5000000000000009;0.4805767745026423
-6.983315611483931;-0.0205590378067102;0.5;0.48058104883501773
-6.98309045191305;-0.02055440744976944;0.5000000000000006;0.48058527024175557
-6.982868083675008;-0.020549778775620586;0.5000000000000003;0.48058943937734416
-6.9826484721681865;-0.02054515198969742;0.5000000000000001;0.48059355688821087
-6.982431583219409;-0.020540527293969713;0.5;0.48059762341281803
-6.9822173830786625;-0.020535904886990863;0.5000000000000006;0.48060163958175695
-6.982005838413862;-0.02053128496394252;0.5000000000000008;0.4806056060178441
-6.9817969163057185;-0.020526667716680658;0.5000000000000002;0.48060952333622015
-6.981590584242625;-0.020522053333780876;0.5000000000000011;0.480613392144443
-6.981386810115616;-0.02051744200058081;0.5000000000000001;0.4806172130425757
-6.981185562213426;-0.02051283389922609;0.5000000000000003;0.4806209866232866
-6.980986809217541;-0.020508229208711426;0.500000000000001;0.48062471347193036
-6.980790520197381;-0.020503628104924343;0.5000000000000003;0.48062839416664277
-6.9805966646055;-0.020499030760687154;0.5000000000000003;0.4806320292784328
-6.980405212272842;-0.02049443734579781;0.49999999999999906;0.4806356193712591
-6.9802161334040775;-0.02048984802707121;0.4999999999999991;0.48063916500213033
-6.980029398572988;-0.020485262968379825;0.4999999999999987;0.4806426667211757
-6.979844978717907;-0.020480682330693334;0.4999999999999995;0.4806461250717424
-6.979662845137206;-0.0204761062721186;0.5;0.4806495405904667
-6.979482969484856;-0.02047153494793752;0.4999999999999997;0.4806529138073648
-6.979305323766027;-0.020466968510646777;0.4999999999999991;0.480656245245914
-6.9791298803327635;-0.020462407109994585;0.4999999999999989;0.4806595354231284
-6.97895661187966;-0.020457850893019103;0.4999999999999998;0.4806627848496395
-6.978785491439673;-0.020453300004084962;0.5000000000000002;0.480665994029774
-6.978616492379913;-0.020448754584920015;0.5000000000000006;0.4806691634616348
-6.97844958839751;-0.02044421477465097;0.500000000000001;0.48067229363717245
-6.978284753515538;-0.02043968070983937;0.500000000000001;0.4806753850422652
-6.978121962079001;-0.020435152524516886;0.4999999999999987;0.48067843815678646
-6.977961188750832;-0.020430630350219636;0.5000000000000012;0.4806814534546973
-6.977802408507962;-0.020426114316022592;0.49999999999999994;0.4806844314040837
-6.977645596637458;-0.020421604548573336;0.49999999999999933;0.4806873724672684
-6.977490728732668;-0.020417101172125918;0.5000000000000012;0.4806902771008558
-6.977337780689432;-0.020412604308573168;0.5000000000000008;0.4806931457558083
-6.97718672870235;-0.020408114077479556;0.4999999999999997;0.48069597887751975
-6.97703754926107;-0.02040363059611361;0.4999999999999996;0.48069877690588336
-6.976890219146668;-0.02039915397947889;0.4999999999999998;0.4807015402753551
-6.976744715428019;-0.020394684340346192;0.49999999999999994;0.48070426941502314
-6.976601015458229;-0.020390221789283736;0.4999999999999995;0.48070696474866975
-6.976459096871139;-0.020385766434688368;0.5000000000000002;0.48070962669484935
-6.976318937577851;-0.020381318382815095;0.4999999999999996;0.48071225566693204
-6.976180515763282;-0.020376877737807275;0.500000000000001;0.4807148520731889
-6.976043809882775;-0.020372444601725936;0.49999999999999933;0.4807174163168378
-6.9759087986587645;-0.02036801907457808;0.5000000000000001;0.4807199487961197
-6.975775461077475;-0.020363601254346664;0.5000000000000012;0.48072244990434565
-6.975643776385617;-0.020359191237017682;0.49999999999999956;0.48072492002996625
-6.975513724087229;-0.020354789116608596;0.5;0.480727359556636
-6.975385283940412;-0.020350394985195752;0.5000000000000004;0.48072976886325886
-6.9752584359542595;-0.020346008932941473;0.5000000000000008;0.480732148324056
-6.9751331603857025;-0.020341631048121367;0.4999999999999997;0.4807344983086218
-6.97500943773646;-0.020337261417150088;0.5000000000000006;0.4807368191819856
-6.974887248750008;-0.020332900124607978;0.4999999999999991;0.4807391113046502
-6.974766574408555;-0.02032854725326716;0.5000000000000003;0.4807413750326774
-6.974647395930148;-0.020324202884116294;0.4999999999999995;0.4807436107177075
-6.9745296947657;-0.020319867096386113;0.4999999999999996;0.4807458187070474
-6.974413452596103;-0.020315539967574847;0.49999999999999956;0.4807479993436981
-6.974298651329434;-0.020311221573471427;0.49999999999999933;0.4807501529664225
-6.97418527309808;-0.020306911988180798;0.5;0.4807522799097951
-6.974073300255988;-0.020302611284147454;0.5000000000000001;0.48075438050424546
-6.973962715375926;-0.020298319532178977;0.5000000000000003;0.4807564550761207
-6.973853501246758;-0.020294036801469573;0.49999999999999933;0.4807585039477292
-6.9737456408707885;-0.02028976315962272;0.49999999999999994;0.48076052743739284
-6.973639117461083;-0.02028549867267404;0.49999999999999956;0.48076252585949314
-6.973533914438882;-0.02028124340511339;0.5000000000000009;0.48076449952452543
-6.973430015431013;-0.02027699741990785;0.49999999999999895;0.4807664487391363
-6.973327404267366;-0.02027276077852236;0.5;0.48076837380618986
-6.973226064978341;-0.020268533540942046;0.5000000000000001;0.48077027502479
-6.973125981792393;-0.02026431576569343;0.4999999999999995;0.48077215269034607
-6.973027139133556;-0.020260107509864733;0.500000000000001;0.4807740070946141
-6.9729295216190295;-0.020255908829127756;0.4999999999999996;0.4807758385257297
-6.972833114056797;-0.020251719777757637;0.49999999999999983;0.4807776472682761
-6.972737901443232;-0.020247540408652398;0.49999999999999983;0.48077943360330166
-6.972643868960795;-0.020243370773354696;0.49999999999999917;0.48078119780838485
-6.9725510019757095;-0.02023921092206904;0.5000000000000004;0.48078294015766676
-6.972459286035686;-0.020235060903683544;0.5000000000000006;0.4807846609218918
-6.97236870686767;-0.020230920765787697;0.49999999999999956;0.4807863603684561
-6.972279250375642;-0.020226790554691454;0.49999999999999983;0.4807880387614473
-6.972190902638381;-0.020222670315444446;0.5000000000000007;0.48078969636168106
-6.972103649907346;-0.020218560091853632;0.5000000000000001;0.48079133342674324
-6.972017478604499;-0.02021445992650217;0.5000000000000017;0.4807929502110374
-6.971932375320215;-0.020210369860766964;0.5000000000000001;0.4807945469658074
-6.971848326811177;-0.02020628993483642;0.5000000000000014;0.48079612393920085
-6.971765319998319;-0.020202220187728215;0.49999999999999994;0.480797681376277
-6.971683341964798;-0.020198160657306174;0.4999999999999996;0.48079921951907273
-6.971602379953993;-0.020194111380297253;0.5000000000000001;0.4808007386066263
-6.97152242136746;-0.020190072392309077;0.5000000000000001;0.48080223887501183
-6.971443453763065;-0.020186043727845604;0.5000000000000001;0.4808037205573847
-6.971365464852951;-0.02018202542032399;0.5000000000000003;0.48080518388401067
-6.971288442501695;-0.020178017502090695;0.5000000000000011;0.4808066290823065
-6.971212374724381;-0.020174020004437243;0.49999999999999956;0.4808080563768685
-6.971137249684752;-0.020170032957616213;0.4999999999999995;0.4808094659895187
-6.9710630556933495;-0.02016605639085689;0.4999999999999993;0.48081085813932867
-6.9709897812057235;-0.020162090332380034;0.5000000000000002;0.48081223304265563
-6.970917414820583;-0.02015813480941364;0.49999999999999883;0.4808135909131771
-6.970845945278079;-0.02015418984820716;0.49999999999999917;0.4808149319619292
-6.97077536145801;-0.02015025547404714;0.4999999999999998;0.4808162563973305
-6.970705652378108;-0.020146331711271115;0.5000000000000003;0.4808175644252196
-6.970636807192321;-0.020142418583281918;0.49999999999999867;0.48081885624888104
-6.970568815189125;-0.020138516112562344;0.5000000000000002;0.4808201320690936
-6.970501665789861;-0.02013462432068891;0.5;0.4808213920841346
-6.970435348547092;-0.02013074322834507;0.4999999999999998;0.4808226364898358
-6.970369853142941;-0.020126872855335765;0.500000000000001;0.48082386547960115
-6.970305169387537;-0.020123013220600505;0.49999999999999994;0.4808250792444342
-6.970241287217384;-0.02011916434222638;0.5000000000000001;0.48082627797298133
-6.970178196693823;-0.020115326237461262;0.5000000000000006;0.4808274618515438
-6.970115888001452;-0.02011149892272679;0.4999999999999987;0.4808286310641188
-6.9700543514466275;-0.020107682413631478;0.4999999999999998;0.4808297857924285
-6.969993577455945;-0.02010387672498215;0.5000000000000004;0.4808309262159367
-6.969933556574738;-0.020100081870797704;0.4999999999999993;0.48083205251188466
-6.969874279465621;-0.020096297864320767;0.5000000000000008;0.4808331648553278
-6.969815736907023;-0.02009252471802936;0.49999999999999933;0.4808342634191359
-6.969757919791753;-0.02008876244364932;0.49999999999999917;0.4808353483740555
-6.969700819125585;-0.020085011052166424;0.4999999999999997;0.4808364198887055
-6.9696444260258374;-0.020081270553836683;0.5000000000000007;0.48083747812962124
-6.969588731720037;-0.02007754095819958;0.4999999999999994;0.48083852326127036
-6.969533727544501;-0.020073822274087716;0.49999999999999906;0.48083955544608903
-6.969479404943009;-0.020070114509639136;0.4999999999999996;0.4808405748444983
-6.9694257554654655;-0.020066417672307657;0.5000000000000009;0.48084158161493135
-6.969372770766604;-0.020062731768874076;0.5000000000000008;0.4808425759138555
-6.969320442604655;-0.0200590568054565;0.49999999999999906;0.4808435578958016
-6.969268762840073;-0.020055392787521664;0.5000000000000007;0.4808445277133937
-6.9692177234342765;-0.02005173971989438;0.5000000000000008;0.4808454855173533
-6.969167316448399;-0.020048097606768733;0.5000000000000006;0.48084643145653755
-6.969117534042027;-0.020044466451717313;0.500000000000001;0.48084736567796493
-6.9690683684720085;-0.020040846257702527;0.4999999999999998;0.4808482883268237
-6.969019812091226;-0.02003723702708493;0.49999999999999983;0.4808491995465119
-6.968971857347405;-0.020033638761634;0.49999999999999917;0.4808500994786446
-6.968924496781973;-0.02003005146253789;0.5000000000000014;0.4808509882630876
-6.9688777230288395;-0.020026475130412003;0.4999999999999984;0.4808518660379609
-6.96883152881329;-0.020022909765309405;0.5000000000000009;0.480852732939695
-6.968785906950828;-0.020019355366729163;0.5000000000000006;0.4808535891030083
-6.968740850346087;-0.020015811933626004;0.5;0.4808544346609604
-6.968696351991696;-0.020012279464419414;0.5000000000000009;0.4808552697449645
-6.9686524049671945;-0.020008757957001855;0.5000000000000001;0.48085609448479605
-6.968609002437965;-0.020005247408748206;0.4999999999999993;0.48085690900863043
-6.9685661376541574;-0.020001747816524307;0.49999999999999867;0.4808577134430535
-6.96852380394963;-0.019998259176694733;0.5000000000000009;0.48085850791308243
-6.968481994740934;-0.019994781485132673;0.5;0.4808592925421784
-6.968440703526269;-0.019991314737226373;0.500000000000001;0.48086006745228277
-6.968399923884469;-0.01998785892788868;0.5000000000000001;0.4808608327638185
-6.968359649474024;-0.019984414051565147;0.4999999999999998;0.4808615885957199
-6.968319874032055;-0.01998098010224103;0.4999999999999985;0.4808623350654473
-6.968280591373386;-0.019977557073449725;0.5000000000000004;0.4808630722890076
-6.968241795389531;-0.019974144958280537;0.5000000000000002;0.48086380038096155
-6.968203480047777;-0.019970743749386566;0.4999999999999983;0.48086451945445735
-6.968165639390222;-0.019967353438991475;0.5000000000000004;0.4808652296212447
-6.968128267532876;-0.01996397401889738;0.49999999999999983;0.480865930991676
-6.968091358664694;-0.019960605480492943;0.49999999999999956;0.4808666236747481
-6.968054907046735;-0.01995724781475894;0.5000000000000002;0.48086730777810216
-6.968018907011206;-0.019953901012276787;0.500000000000001;0.48086798340804476
-6.96798335296063;-0.019950565063235226;0.49999999999999906;0.4808686506695629
-6.967948239366933;-0.01994723995743697;0.4999999999999998;0.48086930966635216
-6.9679135607706115;-0.019943925684305808;0.5000000000000001;0.4808699605008117
-6.967879311779868;-0.019940622232893057;0.49999999999999895;0.48087060327407655
-6.967845487069766;-0.019937329591885322;0.5000000000000006;0.4808712380860315
-6.967812081381432;-0.019934047749609274;0.5000000000000007;0.4808718650353173
-6.96777908952118;-0.019930776694039642;0.49999999999999983;0.4808724842193551
-6.9677465063597595;-0.019927516412804658;0.4999999999999998;0.4808730957343595
-6.967714326831512;-0.019924266893193376;0.5000000000000013;0.4808736996753552
-6.967682545933627;-0.0199210281221609;0.5000000000000017;0.4808742961361809
-6.967651158725317;-0.019917800086334703;0.5000000000000019;0.48087488520951915
-6.9676201603270655;-0.019914582772021516;0.5000000000000009;0.48087546698690176
-6.9675895459198856;-0.01991137616521199;0.5000000000000012;0.480876041558729
-6.967559310744534;-0.019908180251587915;0.49999999999999895;0.4808766090142738
-6.967529450100798;-0.019904995016526872;0.5000000000000012;0.48087716944171494
-6.967499959346753;-0.01990182044510902;0.5000000000000009;0.48087772292812403
-6.967470833898041;-0.019898656522121305;0.5000000000000014;0.48087826955950286
-6.967442069227147;-0.019895503232064682;0.500000000000001;0.4808788094207833
-6.967413660862704;-0.01989236055915866;0.5000000000000002;0.48087934259584625
-6.967385604388802;-0.019889228487346866;0.5000000000000003;0.48087986916753617
-6.96735789544428;-0.019886107000302355;0.49999999999999994;0.48088038921766346
-6.967330529722069;-0.01988299608143318;0.49999999999999994;0.4808809028270319
-6.967303502968505;-0.01987989571388682;0.5000000000000011;0.4808814100754405
-6.967276810982668;-0.019876805880556403;0.5000000000000017;0.48088191104169753
-6.967250449615733;-0.019873726564084926;0.500000000000001;0.48088240580363606
-6.967224414770335;-0.01987065774687069;0.5000000000000007;0.4808828944381264
-6.967198702399905;-0.019867599411071635;0.4999999999999993;0.4808833770210821
-6.967173308508052;-0.019864551538610997;0.5000000000000011;0.48088385362748537
-6.967148229147938;-0.01986151411118109;0.5000000000000001;0.480884324331374
-6.967123460421682;-0.01985848711024929;0.5000000000000006;0.48088478920588196
-6.967098998479727;-0.01985547051706138;0.4999999999999998;0.4808852483232289
-6.967074839520244;-0.019852464312646867;0.5000000000000003;0.4808857017547423
-6.967050979788546;-0.019849468477823873;0.4999999999999993;0.4808861495708651
-6.96702741557651;-0.019846482993201797;0.5000000000000013;0.48088659184117066
-6.967004143221992;-0.019843507839188312;0.49999999999999933;0.48088702863435995
-6.966981159108258;-0.019840542995991473;0.5000000000000003;0.48088746001829674
-6.9669584596634095;-0.019837588443625043;0.4999999999999997;0.480887886059989
-6.966936041359851;-0.019834644161912718;0.5000000000000007;0.4808883068256287
-6.966913900713713;-0.019831710130491675;0.5000000000000007;0.4808887223805759
-6.966892034284335;-0.01982878632881724;0.4999999999999996;0.4808891327893853
-6.966870438673716;-0.01982587273616676;0.4999999999999996;0.4808895381158129
-6.9668491105259776;-0.019822969331643292;0.5000000000000008;0.48088993842282407
-6.966828046526857;-0.019820076094179795;0.5000000000000004;0.4808903337725985
-6.966807243403174;-0.019817193002543032;0.5000000000000003;0.4808907242265541
-6.966786697922359;-0.01981432003533723;0.5000000000000012;0.48089110984534056
-6.966766406891892;-0.01981145717100774;0.5000000000000004;0.4808914906888571
-6.966746367158855;-0.019808604387845263;0.5000000000000001;0.48089186681626533
-6.966726575609414;-0.019805761663988397;0.5;0.4808922382859876
-6.966707029168333;-0.019802928977428635;0.49999999999999983;0.4808926051557265
-6.966687724798518;-0.019800106306012477;0.5000000000000011;0.4808929674824684
-6.966668659500527;-0.019797293627446422;0.5000000000000008;0.48089332532248974
-6.966649830312093;-0.019794490919298968;0.5000000000000003;0.48089367873137584
-6.966631234307684;-0.019791698159004723;0.4999999999999996;0.48089402776401735
-6.966612868598041;-0.019788915323868284;0.5000000000000009;0.48089437247463124
-6.966594730329724;-0.019786142391065797;0.5000000000000014;0.48089471291675595
-6.966576816684665;-0.019783379337650397;0.49999999999999994;0.48089504914326675
-6.966559124879737;-0.019780626140553648;0.5000000000000002;0.48089538120639025
-6.966541652166313;-0.01977788277658965;0.500000000000001;0.48089570915770186
-6.966524395829843;-0.01977514922245771;0.4999999999999984;0.4808960330481313
-6.966507353189428;-0.019772425454745557;0.4999999999999994;0.4808963529279923
-6.9664905215974215;-0.01976971144993256;0.4999999999999998;0.4808966688469599
-6.966473898438977;-0.01976700718439195;0.4999999999999998;0.4808969808541021
-6.966457481131677;-0.019764312634395043;0.49999999999999994;0.48089728899787626
-6.966441267125113;-0.019761627776112456;0.49999999999999983;0.48089759332613885
-6.966425253900489;-0.019758952585618772;0.49999999999999845;0.4808978938861531
-6.966409438970253;-0.01975628703889365;0.5;0.4808981907246013
-6.966393819877673;-0.01975363111182571;0.5000000000000001;0.4808984838875799
-6.966378394196475;-0.019750984780214864;0.4999999999999995;0.48089877342061643
-6.966363159530459;-0.019748348019774986;0.5000000000000007;0.4808990593686789
-6.966348113513142;-0.01974572080613657;0.5;0.48089934177617133
-6.966333253807363;-0.019743103114849503;0.5000000000000009;0.48089962068695274
-6.966318578104939;-0.019740494921384966;0.5000000000000006;0.4808998961443338
-6.966304084126293;-0.01973789620113897;0.49999999999999906;0.48090016819109255
-6.9662897696201185;-0.01973530692943426;0.49999999999999906;0.48090043686947653
-6.966275632363001;-0.019732727081522516;0.5000000000000004;0.48090070222121034
-6.966261670159092;-0.019730156632587148;0.4999999999999993;0.4809009642874947
-6.966247880839774;-0.019727595557745836;0.5000000000000001;0.4809012231090301
-6.966234262263292;-0.019725043832052425;0.5000000000000012;0.4809014787260058
-6.966220812314454;-0.019722501430499584;0.5000000000000016;0.48090173117811374
-6.9662075289042775;-0.019719968328020476;0.4999999999999986;0.48090198050455235
-6.966194409969667;-0.019717444499492198;0.49999999999999883;0.4809022267440432
-6.966181453473119;-0.019714929919736335;0.5000000000000003;0.48090246993482144
-6.9661686574023705;-0.019712424563522735;0.5;0.48090271011464353
-6.966156019770104;-0.01970992840557051;0.4999999999999998;0.48090294732080807
-6.966143538613636;-0.019707441420550698;0.5000000000000009;0.48090318159014533
-6.9661312119946075;-0.01970496358308793;0.4999999999999995;0.48090341295902966
-6.966119037998688;-0.0197024948677631;0.49999999999999883;0.480903641463386
-6.966107014735265;-0.019700035249114678;0.49999999999999983;0.48090386713869704
-6.966095140337167;-0.01969758470164129;0.5000000000000001;0.48090409001999945
-6.966083412960373;-0.019695143199803034;0.4999999999999987;0.4809043101418973
-6.966071830783697;-0.01969271071802381;0.49999999999999956;0.4809045275385725
-6.966060392008536;-0.019690287230693326;0.5;0.4809047422437757
-6.96604909485859;-0.01968787271216854;0.49999999999999994;0.48090495429084074
-6.96603793757955;-0.01968546713677577;0.5000000000000004;0.48090516371269226
-6.966026918438878;-0.01968307047881246;0.4999999999999998;0.48090537054184035
-6.966016035725481;-0.019680682712548636;0.5000000000000003;0.48090557481040214
-6.966005287749496;-0.019678303812229347;0.4999999999999993;0.48090577655008554
-6.965994672841987;-0.01967593375207577;0.4999999999999993;0.4809059757922145
-6.965984189354707;-0.019673572506286985;0.4999999999999995;0.4809061725677214
-6.965973835659838;-0.01967122004904187;0.5000000000000001;0.48090636690715344
-6.9659636101497355;-0.01966887635450043;0.5000000000000001;0.48090655884068245
-6.965953511236684;-0.019666541396805903;0.4999999999999997;0.4809067483981025
-6.965943537352629;-0.019664215150085762;0.49999999999999895;0.48090693560884473
-6.965933686948965;-0.01966189758845327;0.49999999999999933;0.48090712050197104
-6.965923958496262;-0.019659588686010143;0.49999999999999906;0.48090730310618324
-6.965914350484063;-0.01965728841684622;0.49999999999999933;0.48090748344982975
-6.9659048614206185;-0.019654996755042786;0.4999999999999985;0.48090766156090536
-6.965895489832668;-0.01965271367467214;0.5000000000000017;0.480907837467064
-6.965886234265206;-0.019650439149801024;0.5000000000000001;0.4809080111956026
-6.965877093281264;-0.019648173154490745;0.4999999999999997;0.4809081827734973
-6.96586806546167;-0.01964591566279872;0.5000000000000002;0.4809083522273789
-6.965859149404842;-0.019643666648780034;0.5000000000000004;0.48090851958355313
-6.965850343726579;-0.01964142608648911;0.500000000000001;0.48090868486799654
-6.965841647059818;-0.01963919394998037;0.4999999999999983;0.48090884810636353
-6.965833058054443;-0.019636970213310234;0.49999999999999895;0.4809090093239987
-6.96582457537707;-0.01963475485053734;0.4999999999999994;0.48090916854592336
-6.965816197710829;-0.01963254783572521;0.5000000000000008;0.48090932579685236
-6.965807923755179;-0.019630349142942483;0.5000000000000001;0.48090948110119086
-6.965799752225692;-0.019628158746264113;0.5000000000000006;0.4809096344830499
-6.965791681853844;-0.0196259766197735;0.4999999999999997;0.48090978596623174
-6.965783711386841;-0.0196238027375627;0.5000000000000001;0.48090993557425304
-6.965775839587415;-0.019621637073733877;0.5000000000000001;0.4809100833303321
-6.965768065233625;-0.019619479602400514;0.5000000000000007;0.48091022925740307
-6.965760387118671;-0.01961733029768875;0.49999999999999917;0.4809103733781136
-6.965752804050702;-0.019615189133738054;0.4999999999999993;0.48091051571483545
-6.96574531485264;-0.019613056084702207;0.5000000000000013;0.4809106562896599
-6.965737918361995;-0.01961093112475132;0.500000000000001;0.48091079512440094
-6.965730613430672;-0.01960881422807159;0.49999999999999933;0.4809109322406074
-6.965723398924808;-0.019606705368867217;0.500000000000001;0.480911067659564
-6.965716273724588;-0.019604604521361257;0.5000000000000008;0.4809112014022822
-6.965709236724074;-0.019602511659796207;0.4999999999999993;0.48091133348951964
-6.965702286831011;-0.01960042675843554;0.49999999999999883;0.4809114639417781
-6.965695422966711;-0.01959834979156405;0.4999999999999984;0.4809115927793021
-6.965688644065835;-0.019596280733489624;0.49999999999999983;0.48091172002208804
-6.965681949076242;-0.019594219558543235;0.5000000000000002;0.4809118456898798
-6.965675336958817;-0.01959216624108051;0.5000000000000008;0.48091196980217993
-6.965668806687333;-0.019590120755482276;0.5000000000000014;0.4809120923782515
-6.965662357248277;-0.01958808307615567;0.500000000000001;0.4809122134371139
-6.965655987640687;-0.019586053177534923;0.5000000000000006;0.4809123329975548
-6.965649696876007;-0.01958403103408224;0.49999999999999956;0.4809124510781267
-6.965643483977928;-0.019582016620288023;0.4999999999999998;0.48091256769715823
-6.965637347982238;-0.01958000991067288;0.5;0.48091268287274136
-6.965631287936667;-0.01957801087978739;0.4999999999999993;0.48091279662274955
-6.96562530290074;-0.01957601950221355;0.5000000000000003;0.4809129089648387
-6.965619391945637;-0.01957403575256489;0.5000000000000007;0.4809130199164358
-6.965613554154054;-0.0195720596054878;0.5000000000000001;0.48091312949475956
-6.965607788620041;-0.019570091035662207;0.49999999999999933;0.48091323771681294
-6.965602094448869;-0.019568130017801888;0.4999999999999997;0.48091334459939195
-6.965596470756893;-0.019566176526655377;0.5000000000000014;0.4809134501590802
-6.965590916671424;-0.0195642305370074;0.5000000000000002;0.4809135544122531
-6.965585431330581;-0.019562292023677985;0.5000000000000001;0.4809136573750922
-6.965580013883169;-0.019560360961524692;0.5000000000000016;0.4809137590635722
-6.9655746634885105;-0.0195584373254426;0.49999999999999956;0.48091385949346793
-6.965569379316371;-0.019556521090364654;0.49999999999999933;0.4809139586803663
-6.965564160546791;-0.01955461223126287;0.5000000000000006;0.48091405663965814
-6.965559006369965;-0.019552710723148903;0.49999999999999994;0.48091415338653887
-6.9655539159861135;-0.019550816541074156;0.49999999999999994;0.48091424893602064
-6.965548888605383;-0.019548929660130776;0.49999999999999895;0.48091434330292865
-6.96554392344769;-0.01954705005545243;0.5000000000000007;0.4809144365019077
-6.9655390197426215;-0.0195451777022142;0.5000000000000006;0.48091452854741235
-6.9655341767292995;-0.01954331257563391;0.5000000000000003;0.480914619453725
-6.965529393656283;-0.019541454650972345;0.5000000000000007;0.4809147092349517
-6.965524669781431;-0.019539603903533487;0.5000000000000002;0.48091479790501895
-6.96552000437179;-0.019537760308665608;0.5000000000000001;0.4809148854776873
-6.965515396703495;-0.019535923841761504;0.5000000000000002;0.48091497196653954
-6.965510846061655;-0.019534094478259045;0.49999999999999994;0.48091505738499524
-6.965506351740217;-0.019532272193641176;0.5000000000000006;0.48091514174630834
-6.965501913041891;-0.01953045696343758;0.4999999999999998;0.4809152250635614
-6.965497529278004;-0.019528648763224354;0.5000000000000014;0.48091530734968785
-6.9654931997684315;-0.019526847568624106;0.4999999999999994;0.48091538861744354
-6.965488923841463;-0.019525053355307298;0.5;0.48091546887944503
-6.965484700833713;-0.01952326609899202;0.5000000000000002;0.480915548148139
-6.965480530090012;-0.019521485775444658;0.49999999999999933;0.4809156264358224
-6.965476410963298;-0.01951971236048089;0.49999999999999867;0.48091570375464204
-6.965472342814536;-0.01951794582996469;0.5000000000000007;0.48091578011659425
-6.965468325012601;-0.019516186159810656;0.4999999999999995;0.48091585553351907
-6.965464356934191;-0.01951443332598235;0.4999999999999989;0.4809159300171194
-6.965460437963706;-0.019512687304494403;0.49999999999999917;0.48091600357894926
-6.965456567493192;-0.019510948071411627;0.5000000000000001;0.4809160762304213
-6.965452744922203;-0.01950921560285057;0.5000000000000007;0.48091614798280163
-6.96544896965775;-0.019507489874978745;0.49999999999999933;0.48091621884722124
-6.965445241114189;-0.019505770864015726;0.4999999999999993;0.4809162888346758
-6.96544155871311;-0.019504058546233494;0.49999999999999994;0.4809163579560201
-6.965437921883279;-0.019502352897955988;0.49999999999999906;0.4809164262219737
-6.965434330060539;-0.01950065389556066;0.5000000000000008;0.4809164936431315
-6.965430782687719;-0.019498961515477697;0.5000000000000003;0.48091656022994267
-6.965427279214545;-0.01949727573419069;0.4999999999999997;0.480916625992742
-6.965423819097566;-0.019495596528237513;0.49999999999999906;0.4809166909417285
-6.965420401800046;-0.019493923874209673;0.5000000000000011;0.48091675508697906
-6.965417026791918;-0.019492257748753405;0.5;0.48091681843843653
-6.965413693549657;-0.01949059812856957;0.49999999999999956;0.4809168810059325
-6.965410401556241;-0.019488944990413426;0.5000000000000003;0.4809169427991705
-6.96540715030104;-0.0194872983110963;0.5000000000000009;0.4809170038277341
-6.965403939279753;-0.01948565806748448;0.5000000000000007;0.48091706410108837
-6.965400767994325;-0.019484024236500086;0.5000000000000003;0.48091712362858274
-6.965397635952854;-0.019482396795121093;0.49999999999999983;0.4809171824194496
-6.965394542669543;-0.019480775720381982;0.49999999999999983;0.4809172404828068
-6.9653914876646255;-0.019479160989373523;0.5000000000000008;0.4809172978276627
-6.965388470464255;-0.019477552579243107;0.4999999999999984;0.4809173544629053
-6.965385490600454;-0.01947595046719508;0.49999999999999906;0.48091741039732466
-6.96538254761105;-0.019474354630491075;0.5000000000000001;0.480917465639594
-6.96537964103959;-0.01947276504644979;0.5000000000000001;0.4809175201982786
-6.96537677043527;-0.019471181692447548;0.4999999999999995;0.48091757408184055
-6.965373935352879;-0.019469604545918506;0.5000000000000001;0.48091762729863935
-6.9653711353527115;-0.01946803358435445;0.49999999999999994;0.48091767985692513
-6.965368370000512;-0.019466468785305446;0.5000000000000006;0.4809177317648503
-6.965365638867382;-0.019464910126379853;0.4999999999999983;0.4809177830304623
-6.965362941529769;-0.019463357585244534;0.4999999999999993;0.4809178336617174
-6.965360277569346;-0.01946181113962475;0.49999999999999906;0.480917883666462
-6.965357646572961;-0.01946027076730472;0.4999999999999989;0.4809179330524535
-6.9653550481325865;-0.01945873644612739;0.4999999999999997;0.4809179818273509
-6.965352481845244;-0.019457208153994765;0.5000000000000001;0.4809180299987174
-6.965349947312951;-0.019455685868868366;0.49999999999999917;0.4809180775740219
-6.965347444142651;-0.019454169568768886;0.49999999999999895;0.48091812456064326
-6.965344971946145;-0.019452659231776193;0.5000000000000001;0.4809181709658695
-6.96534253034006;-0.019451154836030438;0.5;0.480918216796895
-6.965340118945754;-0.01944965635973095;0.49999999999999933;0.48091826206082533
-6.965337737389277;-0.01944816378113723;0.5000000000000003;0.4809183067646826
-6.965335385301309;-0.019446677078568175;0.4999999999999996;0.4809183509153962
-6.965333062317107;-0.01944519623040364;0.49999999999999933;0.4809183945198153
-6.9653307680764485;-0.019443721215082865;0.5000000000000001;0.4809184375847001
-6.965328502223564;-0.01944225201110583;0.4999999999999993;0.48091848011672705
-6.965326264407082;-0.019440788597032466;0.5000000000000018;0.48091852212249564
-6.965324054279996;-0.01943933095148387;0.5;0.4809185636085127
-6.96532187149959;-0.01943787905314076;0.5000000000000014;0.48091860458121694
-6.965319715727389;-0.01943643288074537;0.5000000000000009;0.4809186450469578
-6.965317586629126;-0.019434992413099872;0.49999999999999956;0.48091868501201024
-6.965315483874647;-0.01943355762906751;0.5000000000000001;0.48091872448257306
-6.965313407137899;-0.019432128507572366;0.5000000000000008;0.4809187634647675
-6.965311356096862;-0.019430705027599582;0.5000000000000008;0.4809188019646338
-6.965309330433506;-0.019429287168195142;0.49999999999999917;0.48091883998814267
-6.965307329833749;-0.019427874908465537;0.49999999999999983;0.480918877541193
-6.965305353987375;-0.019426468227579208;0.5000000000000012;0.48091891462960495
-6.96530340258802;-0.01942506710476488;0.5000000000000001;0.48091895125912637
-6.965301475333121;-0.019423671519313124;0.4999999999999982;0.4809189874354398
-6.965299571923865;-0.01942228145057512;0.5000000000000006;0.48091902316415674
-6.965297692065107;-0.019420896877963667;0.49999999999999895;0.4809190584508111
-6.96529583546539;-0.019419517780952633;0.49999999999999883;0.48091909330087707
-6.9652940018368525;-0.019418144139077276;0.4999999999999995;0.48091912771975803
-6.965292190895191;-0.019416775931933694;0.49999999999999983;0.48091916171279003
-6.965290402359635;-0.01941541313918016;0.5000000000000001;0.48091919528524324
-6.965288635952874;-0.019414055740535785;0.49999999999999867;0.48091922844231993
-6.965286891401043;-0.019412703715780744;0.4999999999999989;0.4809192611891652
-6.965285168433681;-0.01941135704475716;0.49999999999999906;0.48091929353085344
-6.965283466783646;-0.019410015707368333;0.5000000000000012;0.48091932547240296
-6.96528178618712;-0.019408679683578733;0.49999999999999994;0.4809193570187577
-6.965280126383547;-0.01940734895341456;0.49999999999999895;0.4809193881748133
-6.96527848711559;-0.019406023496963187;0.5000000000000001;0.48091941894540174
-6.965276868129116;-0.019404703294373382;0.49999999999999956;0.480919449335289
-6.9652752691731195;-0.019403388325855087;0.5000000000000001;0.48091947934919094
-6.965273689999719;-0.019402078571680192;0.4999999999999989;0.48091950899175484
-6.965272130364092;-0.019400774012181432;0.49999999999999906;0.4809195382675821
-6.9652705900244385;-0.019399474627752822;0.5000000000000008;0.48091956718121054
-6.965269068741975;-0.019398180398849996;0.49999999999999895;0.4809195957371156
-6.965267566280858;-0.01939689130598976;0.5000000000000003;0.4809196239397338
-6.9652660824081565;-0.01939560732975021;0.5000000000000011;0.48091965179343094
-6.96526461689384;-0.01939432845077038;0.49999999999999917;0.4809196793025237
-6.96526316951072;-0.01939305464975094;0.4999999999999985;0.4809197064712814
-6.965261740034421;-0.019391785907453496;0.5000000000000001;0.48091973330391474
-6.965260328243339;-0.019390522204701055;0.4999999999999993;0.480919759804581
-6.965258933918619;-0.01938926352237713;0.500000000000001;0.48091978597739193
-6.965257556844115;-0.019388009841426745;0.4999999999999998;0.48091981182639865
-6.965256196806358;-0.01938676114285587;0.5000000000000012;0.4809198373556146
-6.965254853594516;-0.019385517407731645;0.4999999999999996;0.4809198625689909
-6.965253527000378;-0.019384278617181616;0.5000000000000009;0.4809198874704421
-6.965252216818293;-0.019383044752394718;0.5;0.480919912063823
-6.965250922845165;-0.019381815794620283;0.49999999999999956;0.4809199363529494
-6.965249644880416;-0.019380591725168705;0.5000000000000013;0.480919960341587
-6.965248382725953;-0.01937937252541111;0.5000000000000016;0.4809199840334508
-6.965247136186122;-0.019378158176778904;0.5000000000000001;0.48092000743221264
-6.965245905067704;-0.01937694866076456;0.5000000000000003;0.4809200305415037
-6.965244689179862;-0.01937574395892061;0.49999999999999917;0.480920053364902
-6.965243488334131;-0.019374544052860765;0.49999999999999883;0.48092007590594804
-6.965242302344372;-0.019373348924258238;0.4999999999999997;0.48092009816813563
-6.965241131026758;-0.019372158554846974;0.500000000000001;0.48092012015491586
-6.965239974199719;-0.019370972926421426;0.49999999999999895;0.48092014186969173
-6.965238831683948;-0.019369792020835663;0.4999999999999995;0.4809201633158347
-6.965237703302357;-0.019368615820004598;0.5000000000000001;0.48092018449666807
-6.965236588880046;-0.019367444305902537;0.500000000000001;0.4809202054154729
-6.965235488244289;-0.019366277460564074;0.49999999999999956;0.4809202260754901
-6.965234401224478;-0.019365115266083532;0.5000000000000006;0.48092024647992604
-6.965233327652129;-0.019363957704615076;0.4999999999999993;0.480920266631939
-6.965232267360854;-0.01936280475837271;0.5000000000000001;0.4809202865346578
-6.965231220186311;-0.019361656409629724;0.5000000000000002;0.48092030619116133
-6.965230185966199;-0.019360512640719474;0.5000000000000004;0.48092032560450054
-6.965229164540219;-0.019359373434034044;0.5000000000000004;0.48092034477768114
-6.965228155750054;-0.019358238772025804;0.4999999999999984;0.4809203637136748
-6.965227159439358;-0.019357108637205633;0.49999999999999994;0.4809203824154207
-6.965226175453708;-0.019355983012143918;0.5000000000000003;0.4809204008858145
-6.965225203640607;-0.019354861879469776;0.5000000000000011;0.48092041912771794
-6.965224243849434;-0.019353745221872054;0.5000000000000001;0.48092043714395705
-6.96522329593143;-0.019352633022097998;0.4999999999999998;0.48092045493732677
-6.965222359739691;-0.019351525262953473;0.49999999999999917;0.48092047251058406
-6.965221435129116;-0.01935042192730352;0.5000000000000006;0.480920489866454
-6.965220521956404;-0.019349322998071128;0.5000000000000006;0.480920507007624
-6.965219620080042;-0.01934822845823858;0.4999999999999991;0.4809205239367489
-6.965218729360252;-0.01934713829084611;0.4999999999999995;0.4809205406564569
-6.965217849658984;-0.019346052478992015;0.49999999999999994;0.4809205571693374
-6.965216980839912;-0.019344971005833322;0.4999999999999987;0.480920573477947
-6.965216122768382;-0.01934389385458468;0.500000000000001;0.48092058958481904
-6.965215275311422;-0.01934282100851903;0.500000000000001;0.4809206054924435
-6.965214438337696;-0.01934175245096692;0.5000000000000011;0.4809206212032877
-6.965213611717488;-0.019340688165316866;0.5000000000000012;0.48092063671978724
-6.9652127953227065;-0.019339628135014664;0.5000000000000001;0.48092065204434453
-6.96521198902682;-0.019338572343563842;0.49999999999999956;0.48092066717933635
-6.965211192704885;-0.019337520774525663;0.500000000000001;0.4809206821271109
-6.9652104062334885;-0.019336473411518118;0.5000000000000003;0.4809206968899783
-6.965209629490751;-0.01933543023821671;0.5000000000000009;0.480920711470232
-6.965208862356313;-0.01933439123835401;0.5000000000000003;0.48092072587012724
-6.965208104711287;-0.019333356395719092;0.5000000000000008;0.48092074009189756
-6.965207356438263;-0.01933232569415888;0.49999999999999917;0.4809207541377449
-6.965206617421288;-0.019331299117575695;0.49999999999999933;0.48092076800984895
-6.965205887545842;-0.01933027664992948;0.4999999999999997;0.48092078171035924
-6.965205166698809;-0.019329258275236016;0.49999999999999895;0.4809207952413951
-6.965204454768497;-0.019328243977567827;0.4999999999999998;0.4809208086050573
-6.965203751644587;-0.019327233741053274;0.5000000000000002;0.48092082180341544
-6.965203057218112;-0.01932622754987734;0.5000000000000001;0.4809208348385131
-6.965202371381473;-0.019325225388280298;0.49999999999999933;0.4809208477123717
-6.965201694028394;-0.019324227240558933;0.500000000000001;0.48092086042698756
-6.965201025053922;-0.019323233091065206;0.5000000000000006;0.4809208729843264
-6.965200364354374;-0.019322242924207145;0.5000000000000002;0.48092088538633687
-6.965199711827388;-0.019321256724447844;0.4999999999999998;0.48092089763494156
-6.965199067371842;-0.019320274476306243;0.5000000000000004;0.48092090973203705
-6.965198430887881;-0.01931929616435557;0.49999999999999994;0.4809209216794986
-6.965197802276876;-0.019318321773225233;0.49999999999999956;0.48092093347917686
-6.965197181441425;-0.019317351287598705;0.5000000000000007;0.480920945132901
-6.965196568285336;-0.01931638469221475;0.49999999999999845;0.4809209566424732
-6.965195962713587;-0.019315421971866975;0.49999999999999917;0.48092096800968315
-6.965195364632358;-0.019314463111402946;0.5;0.48092097923628835
-6.965194773948973;-0.019313508095725074;0.5;0.48092099032402824
-6.9651941905719;-0.019312556909790057;0.4999999999999994;0.48092100127462134
-6.965193614410751;-0.019311609538608443;0.5000000000000002;0.48092101208976484
-6.96519304537626;-0.019310665967245177;0.49999999999999994;0.48092102277113463
-6.96519248338025;-0.019309726180819053;0.500000000000001;0.48092103332038494
-6.965191928335649;-0.019308790164502043;0.500000000000001;0.48092104373914996
-6.965191380156455;-0.01930785790352052;0.49999999999999917;0.48092105402904217
-6.965190838757735;-0.019306929383153926;0.49999999999999994;0.48092106419166186
-6.965190304055604;-0.019306004588735215;0.49999999999999956;0.48092107422857755
-6.965189775967204;-0.01930508350565019;0.5000000000000012;0.48092108414135
-6.965189254410717;-0.019304166119338162;0.4999999999999994;0.48092109393150845
-6.965188739305347;-0.019303252415291183;0.49999999999999906;0.4809211036005738
-6.965188230571279;-0.019302342379053927;0.49999999999999917;0.4809211131500446
-6.965187728129685;-0.019301435996224248;0.5000000000000011;0.48092112258140146
-6.965187231902732;-0.019300533252451624;0.5000000000000003;0.48092113189609975
-6.965186741813518;-0.019299634133438714;0.4999999999999989;0.4809211410955859
-6.9651862577861365;-0.019298738624940137;0.500000000000001;0.4809211501812896
-6.965185779745582;-0.01929784671276258;0.4999999999999991;0.48092115915460987
-6.965185307617787;-0.019296958382764906;0.500000000000001;0.4809211680169466
-6.9651848413296165;-0.019296073620857057;0.4999999999999995;0.48092117676966273
-6.9651843808088145;-0.019295192413001705;0.49999999999999883;0.48092118541412154
-6.965183925984043;-0.019294314745212038;0.5;0.48092119395166205
-6.965183476784823;-0.019293440603553536;0.5000000000000011;0.4809212023836051
-6.965183033141571;-0.019292569974142193;0.4999999999999996;0.480921210711254
-6.965182594985556;-0.01929170284314541;0.49999999999999983;0.48092121893590395
-6.965182162248894;-0.01929083919678176;0.4999999999999996;0.48092122705882695
-6.965181734864544;-0.019289979021320347;0.5000000000000006;0.4809212350812826
-6.9651813127662905;-0.019289122303081108;0.5000000000000001;0.48092124300451056
-6.96518089588875;-0.01928826902843417;0.4999999999999991;0.4809212508297409
-6.965180484167327;-0.019287419183800503;0.5000000000000008;0.4809212585581894
-6.965180077538243;-0.019286572755651044;0.4999999999999996;0.4809212661910443
-6.965179675938508;-0.019285729730506795;0.5000000000000004;0.4809212737294972
-6.965179279305893;-0.019284890094939167;0.4999999999999996;0.4809212811747089
-6.965178887578965;-0.01928405383556886;0.5000000000000006;0.4809212885278388
-6.965178500697029;-0.019283220939066426;0.4999999999999991;0.4809212957900207
-6.96517811860015;-0.019282391392152043;0.4999999999999987;0.48092130296238317
-6.965177741229141;-0.019281565181594962;0.4999999999999995;0.4809213100460379
-6.965177368525531;-0.01928074229421406;0.49999999999999906;0.4809213170420783
-6.965177000431588;-0.019279922716877174;0.5000000000000002;0.48092132395159304
-6.965176636890298;-0.01927910643650088;0.5000000000000002;0.48092133077564847
-6.96517627784533;-0.019278293440050942;0.5000000000000001;0.48092133751530325
-6.965175923241063;-0.01927748371454141;0.5000000000000004;0.4809213441716018
-6.965175573022577;-0.01927667724703508;0.500000000000001;0.48092135074557574
-6.96517522713561;-0.019275874024642925;0.5000000000000008;0.48092135723824153
-6.9651748855265865;-0.01927507403452433;0.5000000000000008;0.480921363650605
-6.965174548142585;-0.01927427726388664;0.5000000000000006;0.48092136998366136
-6.965174214931331;-0.019273483699985383;0.49999999999999883;0.480921376238389
-6.965173885841217;-0.01927269333012327;0.5000000000000012;0.4809213824157633
-6.965173560821263;-0.019271906141651418;0.4999999999999989;0.48092138851673094
-6.965173239821127;-0.01927112212196791;0.500000000000001;0.4809213945422478
-6.965172922791076;-0.01927034125851823;0.5000000000000009;0.48092140049323917
-6.965172609682;-0.019269563538795387;0.4999999999999996;0.4809214063706283
-6.965172300445403;-0.01926878895033901;0.4999999999999993;0.480921412175329
-6.965171995033387;-0.019268017480736255;0.5000000000000003;0.4809214179082397
-6.965171693398631;-0.019267249117620122;0.49999999999999895;0.480921423570244
-6.965171395494409;-0.019266483848671467;0.4999999999999995;0.48092142916222475
-6.965171101274585;-0.01926572166161633;0.49999999999999956;0.4809214346850446
-6.965170810693586;-0.019264962544227937;0.5000000000000003;0.48092144013956156
-6.965170523706398;-0.019264206484325586;0.4999999999999985;0.4809214455266149
-6.965170240268563;-0.019263453469774428;0.49999999999999956;0.4809214508470475
-6.965169960336183;-0.019262703488485466;0.5000000000000004;0.4809214561016776
-6.965169683865888;-0.019261956528415558;0.500000000000001;0.4809214612913218
-6.965169410814852;-0.01926121257756752;0.4999999999999996;0.48092146641678046
-6.965169141140791;-0.019260471623988917;0.5000000000000001;0.48092147147885106
-6.9651688748019325;-0.019259733655773492;0.4999999999999986;0.480921476478315
-6.965168611757008;-0.01925899866105929;0.5000000000000001;0.48092148141595126
-6.965168351965289;-0.019258266628029874;0.5000000000000008;0.480921486292521
-6.965168095386531;-0.01925753754491355;0.4999999999999993;0.4809214911087774
-6.965167841980993;-0.01925681139998381;0.49999999999999883;0.48092149586547017
-6.965167591709424;-0.019256088181557995;0.4999999999999986;0.4809215005633355
-6.96516734453305;-0.01925536787799842;0.5;0.4809215052031021
-6.965167100413602;-0.019254650477711688;0.49999999999999983;0.48092150978548676
-6.96516685931325;-0.01925393596914826;0.500000000000001;0.4809215143111995
-6.965166621194662;-0.019253224340802788;0.5000000000000011;0.48092151878094125
-6.965166386020961;-0.019252515581214102;0.4999999999999986;0.480921523195401
-6.96516615375571;-0.019251809678964338;0.5000000000000003;0.4809215275552708
-6.965165924362935;-0.01925110662267937;0.5000000000000001;0.48092153186122033
-6.965165697807102;-0.019250406401028597;0.5000000000000008;0.4809215361139167
-6.96516547405313;-0.019249709002724602;0.5000000000000006;0.4809215403140186
-6.96516525306636;-0.019249014416523158;0.4999999999999986;0.48092154446217594
-6.965165034812564;-0.019248322631223336;0.5000000000000002;0.48092154855903557
-6.965164819257943;-0.01924763363566684;0.49999999999999917;0.4809215526052268
-6.9651646063691;-0.019246947418737892;0.5000000000000013;0.48092155660138164
-6.9651643961130745;-0.019246263969363908;0.5000000000000001;0.4809215605481126
-6.965164188457301;-0.019245583276513933;0.4999999999999996;0.4809215644460334
-6.965163983369607;-0.0192449053292002;0.5000000000000003;0.48092156829575144
-6.965163780818237;-0.0192442301164768;0.49999999999999983;0.4809215720978584
-6.965163580771815;-0.019243557627439345;0.5000000000000017;0.48092157585294687
-6.965163383199354;-0.019242887851226076;0.49999999999999895;0.4809215795615917
-6.965163188070257;-0.019242220777016428;0.49999999999999994;0.4809215832243767
-6.965162995354312;-0.019241556394032022;0.49999999999999956;0.4809215868418611
-6.965162805021663;-0.01924089469153545;0.4999999999999983;0.4809215904146093
-6.965162617042836;-0.019240235658830707;0.5000000000000008;0.48092159394317774
-6.965162431388713;-0.01923957928526321;0.5000000000000008;0.48092159742810536
-6.965162248030538;-0.01923892556021911;0.5;0.4809216008699352
-6.965162066939925;-0.01923827447312576;0.4999999999999995;0.4809216042692011
-6.965161888088815;-0.019237626013451137;0.4999999999999995;0.48092160762642944
-6.965161711449511;-0.019236980170703966;0.5000000000000013;0.4809216109421412
-6.965161536994664;-0.019236336934433163;0.5000000000000016;0.48092161421684737
-6.965161364697259;-0.019235696294228388;0.49999999999999956;0.48092161745105294
-6.965161194530602;-0.01923505823971927;0.5000000000000006;0.4809216206452671
-6.965161026468344;-0.01923442276057552;0.5000000000000017;0.4809216237999776
-6.965160860484453;-0.019233789846507143;0.5000000000000008;0.48092162691567364
-6.96516069655322;-0.01923315948726312;0.5;0.4809216299928388
