diff_temp, diff_vazao, out_hot, out_cold
20.0,0.49988,0.202954979747087,0.4999999999999992
19.94926390750065,0.4986980160268396,0.20353397257161898,0.5000000000000017
19.89882946341042,0.4975216539388888,0.20411093514832887,0.49999999999999906
19.848697082831634,0.4963509030978823,0.2046858637024302,0.5000000000000023
19.79886715820047,0.495185752747894,0.20525879964944801,0.5000000000000017
19.749340070180892,0.49402619219656496,0.20582770071848636,0.49999999999999917
19.70011568229337,0.4928722024675851,0.20639419982568924,0.500000000000001
19.651194230189734,0.4917237710281579,0.20695869845437528,0.49999999999999895
19.60257602525148,0.49058088685624446,0.2075212416791049,0.5000000000000029
19.55426136825024,0.48944353901098314,0.20808061444688286,0.4999999999999997
19.506250238992724,0.4883117115614798,0.2086367738531257,0.49999999999999817
19.458542582887528,0.48718538830229796,0.20919099640652797,0.49999999999999795
19.4111386384758,0.4860645580765899,0.20974325161873209,0.5000000000000014
19.364038615239682,0.4849492095066217,0.21029340680187175,0.49999999999999867
19.317242667967005,0.4838393305808235,0.210839361756897,0.5000000000000023
19.270750402357184,0.48273490068932656,0.2113834230520118,0.5000000000000014
19.224561980151076,0.4816359084690466,0.2119255090724842,0.4999999999999988
19.178677521206026,0.4805423421303643,0.21246561658436616,0.4999999999999998
19.13309712320973,0.4794541897754516,0.21300265393622406,0.4999999999999984
19.087820584320873,0.47837143497341506,0.21353664730436678,0.49999999999999906
19.04284768629458,0.4772940613043585,0.21406691041329592,0.5000000000000024
18.998178011746553,0.47622204945719937,0.21459284444305193,0.4999999999999982
18.953810965024676,0.4751553775833104,0.2151163096752793,0.49999999999999983
18.909746406660428,0.47409403133637906,0.21563586068581858,0.5000000000000021
18.865983800417926,0.47303799036944605,0.21615292434426006,0.4999999999999992
18.822522957740414,0.47198724008285753,0.21666777586807115,0.5000000000000006
18.77936374047412,0.4709417669144854,0.21718009161801027,0.49999999999999867
18.736505904580245,0.46990155588570326,0.21769001924434145,0.49999999999999933
18.69394922344872,0.46886659253536866,0.21819611859431157,0.49999999999999867
18.651693069042064,0.467836856395212,0.21869997986312137,0.5000000000000019
18.609737211549913,0.4668123334517792,0.21920135091618323,0.5000000000000013
18.56808133345638,0.4657930085668063,0.2197005331819443,0.49999999999999756
18.526725176731258,0.4647788677591198,0.22019715594745853,0.49999999999999933
18.485668363697517,0.4637698954324979,0.22069018907376817,0.4999999999999997
18.444910219131806,0.4627660716500863,0.2211807596152897,0.499999999999999
18.404450349419314,0.46176738105291226,0.22166917009856776,0.5000000000000007
18.364288422319625,0.46077380945185253,0.2221554224783111,0.5000000000000016
18.324424086215355,0.45978534258388093,0.2226390749967667,0.5000000000000014
18.284856849438267,0.45880196427186015,0.22311898887101173,0.500000000000001
18.245585889041017,0.4578236535286724,0.22359677155352814,0.5000000000000016
18.206610800875758,0.45685039597055044,0.22407242513966696,0.5000000000000008
18.167931161995863,0.45588217714343304,0.22454589636096745,0.5000000000000014
18.129546515507222,0.4549189822930322,0.2250167096419752,0.5000000000000013
18.09145625374304,0.4539607946043638,0.22548400820380893,0.5000000000000028
18.05365951159236,0.4530075936096506,0.2259492068119692,0.5000000000000022
18.016155797265256,0.4520593646773017,0.22641230776890472,0.4999999999999989
17.97894460093408,0.45111609311007284,0.2274722188573048,0.4992990089045032
17.942333715907562,0.45017733676431104,0.22896594667175219,0.49809519435171246
17.90654508956615,0.4492428009332997,0.23042490797743936,0.4969366238787334
17.871558392844847,0.4483125243413286,0.23185041433453016,0.49582229342284795
17.837353858669665,0.4473865469362216,0.2332419365869642,0.4947524562583712
17.803911509625213,0.4464649074365037,0.23460301485906615,0.4937217467971832
17.77121344450202,0.4455476368096939,0.2359348010723985,0.4927284407753633
17.739242426060738,0.4446347635426835,0.23723594295118783,0.4917734551128807
17.70798063439323,0.44372631421622977,0.23850786940071309,0.49085380280468055
17.67741125015131,0.442822308765489,0.23975288138054732,0.4899667200975095
17.647518660558426,0.4419227651007832,0.24097220351187162,0.4891108525437073
17.61828786670036,0.4410277005131079,0.24216473606956634,0.4882876049025416
17.58970325628661,0.44013713351295425,0.24333251972997882,0.48749386579510173
17.56175042654128,0.4392510780035468,0.24447548333018135,0.48672726092616814
17.534415421991145,0.43836953745000584,0.24559549958358798,0.485986910515802
17.507684997932262,0.4374925194637461,0.2466924243151347,0.48527332968319664
17.481545751521054,0.43662003316236164,0.24776676361358133,0.48458568978480326
17.45598458558866,0.4357520862217479,0.24882014614505438,0.4839213080321242
17.43098941488235,0.4348886817623435,0.24985270769012027,0.4832792614308302
17.406548370080312,0.43402981948394315,0.2508648738948686,0.48265840141825744
17.3826499294356,0.43317549593855587,0.2518564906926024,0.4820603236867116
17.359282190639338,0.4323257137648726,0.2528290400296718,0.4814829033670795
17.336434114496697,0.43148047278792456,0.2537830981788397,0.48092465131643525
17.314095126849814,0.4306397688644097,0.2547192940870347,0.48038488916569083
17.29225496961238,0.4298035975758707,0.25563818833933355,0.4798628611172132
17.270903697088585,0.4289719536045591,0.25653907916897006,0.4793587378977881
17.250031109470978,0.4281448292941815,0.25742275720245306,0.47887255945759155
17.22962722842963,0.4273222204907232,0.25829001263834317,0.47840234211546434
17.209682711725975,0.42650411785300646,0.2591417336957143,0.47794754846978055
17.190188587328496,0.4256905134886231,0.2599784291548145,0.4775076675424852
17.171136134380763,0.4248813994361763,0.2608003644687451,0.47708213761185614
17.15251682059943,0.42407676639975855,0.2616068372791574,0.4766709680092672
17.134321891548076,0.4232766020398814,0.2623977472287645,0.47627446917053873
17.11654249261023,0.42248089486829166,0.263175006269278,0.47589094718784547
17.09917069598754,0.4216896342829273,0.2639390033057219,0.4755199924258856
17.08219877156871,0.4209028095370245,0.26469003969426924,0.47516121196790423
17.065619157327784,0.42012040943342266,0.265428407432261,0.4748142282421219
17.049424453910717,0.4193424223510266,0.26615324814424113,0.47447823873198924
17.033607158261614,0.41856882942338636,0.2668652687166822,0.47415393703176995
17.018159838084724,0.41779961780887065,0.2675647350847612,0.47384134076758866
17.0030751366006,0.41703477584557913,0.2682526902212979,0.47353909089417523
16.988346298774843,0.4162742904484772,0.2689293823587031,0.47324687952110195
16.973966707198993,0.4155181482243755,0.2695945150347166,0.4729644100014163
16.959929710670576,0.4147663331528805,0.27024841788127174,0.4726912290409188
16.94622885228071,0.4140188286308103,0.27089147486343956,0.47242685816224245
16.932857892084012,0.4132756176000869,0.2715242183762215,0.47217139252863566
16.919810734949305,0.4125366856963003,0.27214684697987257,0.47192459641638373
16.907081395416366,0.41180201834862984,0.27275832932207467,0.47168752612082376
16.894663342506544,0.4110716010517601,0.2733595397384891,0.47145856389790647
16.88255065819372,0.4103454160090876,0.2739512996678726,0.4712374771668523
16.870737731641807,0.409623447960928,0.2745336119101251,0.47102377136943296
16.859219055507822,0.40890567945482936,0.2751066931270885,0.4708172556506824
16.847989230461604,0.4081920931142261,0.27567090028869135,0.4706179745147561
16.837042960969896,0.40748267328593346,0.2762257815897633,0.4704257289719922
16.826374849552277,0.4067774014239164,0.2767719049478279,0.4702403223003459
16.815979721641156,0.40607626057832946,0.2773096703144158,0.47006156666700194
16.805852570535727,0.40537923469656745,0.2778392397084469,0.46988928173049044
16.79598848010443,0.4046863076102758,0.2783603128722919,0.46972347061585
16.78638243839291,0.40399746180928175,0.2788729013549624,0.4695640712968654
16.777029451891437,0.40331267952934613,0.27937694450516615,0.4694105953913076
16.7679246125648,0.40263194055596707,0.27987345087790616,0.4692628800059942
16.75906337384867,0.40195522837785636,0.2803625619039625,0.46912077276130165
16.75044126886276,0.40128252640456685,0.2808444155910113,0.46898412585203464
16.74205390863834,0.4006138179723694,0.2813191466327904,0.46885279587334117
16.73389698040591,0.39994908634984616,0.2817868024639847,0.4687266050830414
16.725966226841084,0.3992883142008097,0.28224659222097476,0.4686049936900071
16.71825725489427,0.39863147818346956,0.2826996644687029,0.46848829061123265
16.71076597859092,0.3979785614842135,0.28314614118918713,0.4683763688522479
16.70348838163285,0.397329547241306,0.2835861415482815,0.4682691050418786
16.696420515956355,0.39668441854924197,0.2840197819808238,0.4681663793017121
16.689558500335806,0.3960431584628995,0.2844471762726219,0.46806807512137333
16.68289851903081,0.3954057500015006,0.2848676373908738,0.4679740792392652
16.6764365584738,0.3947721726035919,0.2852816679968232,0.4678844557591427
16.670168760910986,0.394142408212957,0.2856894629479225,0.4677988733942209
16.664091407901942,0.39351643814651005,0.28609148135508367,0.467717248838404
16.658200954375374,0.392894245377719,0.28648782385727883,0.4676394818867226
16.65249391395079,0.3922758128622871,0.2868785889050977,0.4675654750179213
16.64696685782829,0.39166112354109983,0.28726340434960135,0.4674951333044765
16.641616258504115,0.3910501582516378,0.2876424567433704,0.4674283613317291
16.636438675633016,0.3904428982246547,0.2880162217612104,0.46736506674811507
16.631430851588583,0.3898393263907324,0.28838475356862636,0.46730503873710605
16.62658959672859,0.38923942496367225,0.288748083335183,0.4672479786168839
16.621911800789707,0.3886431749457472,0.2891064000371356,0.4671941442088491
16.61739436530874,0.38805055932948784,0.2894597880761669,0.4671434546865906
16.613034242283717,0.3874615611094645,0.2898075635106803,0.46709583127195087
16.608828176674272,0.38687615984590584,0.29015050921347885,0.4670511922857376
16.60477319932533,0.38629433823995596,0.2904887768705745,0.46700946251705794
16.60086641339946,0.38571607932491947,0.29082244414511077,0.46697056908364015
16.59710496906761,0.385141366144343,0.2911515871331466,0.46693444090672404
16.5934860627089,0.384570181753748,0.29147620959366793,0.4669006795297962
16.590006983956545,0.3840025074226183,0.2917964387368995,0.4668694423631601
16.586665036064616,0.3834383256962267,0.2921115484061452,0.4668407721376942
16.583457272721343,0.38287761603302395,0.29242243462172957,0.466814599296119
16.580381072441767,0.3823203616167915,0.29272916961550083,0.4667908611565382
16.577433857340466,0.3817665456669963,0.29303182059158295,0.46676949655779315
16.574613091180872,0.38121615142356713,0.29333045345027225,0.46675044579250585
16.57191627870073,0.3806691621481981,0.29362513281983527,0.4667336505655548
16.569340964952413,0.38012556112560014,0.2939159220872912,0.46671905395404073
16.566884734657705,0.37958533166470665,0.29420221492996373,0.46670628493026356
16.564545052921083,0.3790484526472685,0.29448455081658553,0.46669550956544276
16.562319538737732,0.37851490615522987,0.2947631935554052,0.4666867697124359
16.56020589792431,0.3779846756549481,0.295038201591137,0.4666800137141107
16.558201873387628,0.3774577446408238,0.29530948746860597,0.46667536143491184
16.55630515725169,0.3769340967521039,0.29557724597466106,0.4666726004400801
16.55451356160199,0.3764137155460723,0.2958415488055365,0.4666716632023059
16.552824943873695,0.37589658459787334,0.2961022910618169,0.46667250300263924
16.5512371414822,0.375382686793166,0.29635905350721614,0.4666750731700569
16.54974786371574,0.37487200290082845,0.2966125192107781,0.46667922868005174
16.548355094396346,0.3743645161445516,0.29686272554854176,0.46668473759548673
16.547056887508436,0.3738602088645431,0.29710974885544494,0.4666918471207115
16.545851273866617,0.3733590648794384,0.2973536380772001,0.46670051565647824
16.5447363162607,0.37286106804342645,0.29759444128075513,0.4667107025229645
16.543710108978313,0.3723662022469588,0.2978322056734221,0.4667223679366272
16.542770777336074,0.37187445141743525,0.2980667801649306,0.4667354729878135
16.541916408624687,0.3713857986184663,0.2982978365604688,0.46674997836606236
16.5411449908622,0.37090022524121324,0.29852599943461156,0.4667658432358163
16.540454745338803,0.3704177153553021,0.2987513126452628,0.4667830312995969
16.539843922506247,0.369938253069954,0.29897381805312967,0.4668014611885956
16.539310811422098,0.36946182231912716,0.2991935531731195,0.46682083684796255
16.538853786484363,0.3689884058597477,0.2994105689276784,0.46684143636054376
16.538471182676737,0.3685179879655017,0.29962490607089826,0.4668632264568302
16.538161362434586,0.36805055295116773,0.29983660465196454,0.4668861745816195
16.53792271524525,0.36758608517312386,0.30004503723520104,0.4669102488772573
16.5377534233163,0.3671245659709308,0.3002508360042522,0.4669354139214054
16.537651905672153,0.36666597943890855,0.30045412089832935,0.46696163879029956
16.5376166362469,0.36621031008963156,0.30065492918937414,0.46698889373729063
16.537646114412098,0.36575754247921244,0.3008532975141591,0.4670171496488305
16.5377388646082,0.3653076612077262,0.3010492618869117,0.46704637803009547
16.537893435981502,0.3648606509196215,0.3012428610706325,0.46707644933493936
16.538108426311844,0.3644164958517686,0.30143413576291866,0.46710721678701106
16.538382486512397,0.3639751797643803,0.3016230724253369,0.4671388795492628
16.538714222549174,0.36353668728626054,0.30180906424228715,0.4671714111765843
16.539102037058637,0.36310100013939206,0.30199283409978905,0.46720478168301893
16.53954460239943,0.3626681032607161,0.3021744143401731,0.46723896608903115
16.54004061346709,0.3622379816331982,0.30235383676726135,0.4672739399407945
16.540588787368918,0.36181062028615796,0.30253113265666465,0.467309679298834
16.541187863103566,0.361386004295587,0.3027063327657859,0.46734616072696694
16.541836601245087,0.36096411878445733,0.3028794673436988,0.4673833612815559
16.54253378363149,0.36054494892302114,0.3030505661406513,0.46742125850101324
16.543278213057643,0.3601284799290996,0.3032196584174643,0.4674598303956176
16.544068712972447,0.35971469706836334,0.3033863118950356,0.46749885177646244
16.544904009355285,0.3593035825774542,0.3035508167834336,0.4675384143278589
16.54578291657078,0.3588951204850136,0.3037134101345978,0.4675785884404933
16.546704322916593,0.35848929626318204,0.30387411917292495,0.467619353986651
16.547667136078402,0.3580860954324475,0.304032970680346,0.46766069126067944
16.54867028284903,0.3576855035618841,0.30418999100434463,0.46770258097033357
16.549712708851224,0.3572875062693839,0.30434520606589754,0.46774500422832566
16.550793378264274,0.356892089221881,0.3044986413671473,0.4677879425440989
16.551911273554136,0.3564992381355683,0.3046503219989845,0.46783137781578443
16.55306539520719,0.3561089387761063,0.30480027264847753,0.4678752923223906
16.554254761467543,0.3557211769588269,0.3049480387766644,0.4679196687161261
16.555478235535382,0.3553359363220304,0.3050939431199216,0.467964486919336
16.556734807350878,0.3549532019364623,0.30523820238605714,0.4680096965408265
16.558023561808245,0.3545729596676581,0.305380869973835,0.46805508225169956
16.559343657757218,0.3541951946458186,0.3055219342712107,0.46810086427897857
16.560694202660436,0.35381989299438765,0.305661361077724,0.46814709005493865
16.562074285021374,0.35344704091734147,0.30579917358184433,0.46819374286657295
16.56348301028904,0.3530766246678829,0.3059354474133825,0.4682407475535468
16.564919533491732,0.35270863052069457,0.306070203861493,0.46828808947157097
16.566383025163727,0.35234304480109724,0.30620346387791014,0.4683357542888288
16.56787267111469,0.35197985388519415,0.3063352128044204,0.46838372797989203
16.569387659384322,0.3516190440352236,0.3064649091940758,0.4684319965890772
16.57092698870927,0.3512605989388897,0.3065931783512014,0.4684805427815926
16.572489894954494,0.3509045051550769,0.3067200398211927,0.46852935352114017
16.57407562827346,0.35055074929389063,0.3068455128417542,0.4685784160528553
16.575683452893117,0.3501993180167705,0.3069696163481776,0.4686277178979294
16.577312646901618,0.3498501980366001,0.307092389780998,0.46867714526285514
16.578962533574654,0.3495033757395334,0.30721385881509083,0.46872665548022746
16.58063245937275,0.3491588374549298,0.3073340137132388,0.46877637308490094
16.582321741430103,0.3488165700734992,0.30745287222814327,0.46882628660498743
16.5840297099281,0.3484765605374014,0.30757045183573134,0.4688763848195291
16.585755707896485,0.3481387958403356,0.30768676973978315,0.4689266567537443
16.587499091017126,0.3478032630276262,0.30780149124697004,0.4689770916744123
16.589259098501653,0.34746994754579774,0.3079147426995941,0.4690276767666952
16.59103502344559,0.34713883540241286,0.3080267904658141,0.46907840019876673
16.592826263740903,0.3468099138273014,0.3081376505926731,0.4691829329030209
16.59461947790731,0.34648342236712626,0.30824746811554093,0.46938309968859365
16.596391513685994,0.3461597970987833,0.30835648600835625,0.46958163594845115
16.59814258949417,0.3458390164038283,0.30846470802844417,0.4697785517249881
16.599872922260786,0.3455210587687856,0.3085721379449719,0.46997385705281625
16.601582727419096,0.3452059027855936,0.3086787795384515,0.47016756195774356
16.603272218899736,0.34489352715203225,0.3087846549919593,0.47035960824621836
16.604941632193196,0.34458391043749137,0.30888978535497397,0.4705499457687357
16.60659122186956,0.34427703111660257,0.30899413865495645,0.47073871743445495
16.60822119570039,0.34397286823024964,0.30909766928575333,0.47092600650744587
16.609831724129542,0.3436714010390969,0.30919993082931563,0.4711124915534029
16.611422649623474,0.3433726099409602,0.30930143755597367,0.4712974328645458
16.612994184109166,0.34307647430905863,0.30940219312369227,0.47148084033139176
16.61454653787905,0.3427829736236955,0.309502201200891,0.471662723829834
16.61607991958844,0.34249208747256454,0.30960146546595413,0.4718430932202722
16.61759453625335,0.34220379555104175,0.3096999896068046,0.4720219583467361
16.619090593248757,0.34191807766245685,0.3097977773204119,0.47219932903601564
16.620568294307226,0.3416349137183501,0.30989483231236864,0.4723752150968236
16.622027841518,0.3413542837387116,0.3099911582964261,0.47254962631897823
16.6234694353264,0.3410761678522045,0.310086758994042,0.47272257247257515
16.624893274533665,0.3408005462963726,0.31018163813392635,0.47289406330720213
16.626299556297123,0.34052739941782983,0.310275799451628,0.47306410855115133
16.627688476130754,0.34025670767243743,0.31036924668908417,0.47323271791066635
16.6290602279061,0.3399884516254612,0.3104619645344227,0.4733999257514688
16.6304149907777,0.33972261197835263,0.31055355642919036,0.47356626169174626
16.631752667169742,0.3394591701091143,0.31064445499583415,0.4737311874031251
16.633073452649672,0.33919810693891517,0.3107346638239089,0.4738947124636092
16.634377541054235,0.33893940349773377,0.31082418650979554,0.4740568464269633
16.635665124492824,0.338683040924465,0.3109130266561932,0.4742175988220076
16.636936393351196,0.3384290004670112,0.31100118787174974,0.47437697915194843
16.63819153629548,0.33817726348236066,0.31108867377053995,0.474534996893682
16.639430740276456,0.3379278114366494,0.3111754879717137,0.47469166149716757
16.6406541905341,0.33768062590521164,0.3112616340990047,0.4748469823847749
16.641862070602475,0.3374356885726152,0.31134711578035573,0.4750009689506631
16.643054562314827,0.3371929812326825,0.31143193664744334,0.47515363056016285
16.64423184580896,0.3369524857884998,0.31151610033532484,0.47530497654918535
16.645394099532858,0.3367141842524133,0.31159961048195595,0.4754550162236422
16.64654150025057,0.33647805874600956,0.31168247072783467,0.4756037588588722
16.647674223048327,0.3362440915000878,0.31176468471558616,0.47575121369908974
16.648792441340852,0.336012264854615,0.31184625608954025,0.47589738995683695
16.649896326877947,0.335782561258672,0.3119267766159256,0.4760428897452244
16.650985749789825,0.33555496413234587,0.31200664720655513,0.47618715672213124
16.652060868643005,0.3353294562004161,0.312085894863861,0.47633016656701693
16.653121857420462,0.3351060202482984,0.3121645230767125,0.47647192839308516
16.65416888835522,0.3348846391695338,0.31224256334672945,0.47661239236719555
16.655202156936113,0.334665295818415,0.3123200165306406,0.4767515744170412
16.65622185405512,0.33444797317794306,0.31239686017801566,0.4768895380457324
16.65722814555855,0.3342326544755173,0.3124730977893423,0.4770262921802147
16.658221195600476,0.3340193230459626,0.3125487328657503,0.4771618457125318
16.65920116665193,0.33380796233139043,0.3126237689085625,0.4772962074993914
16.660168219510243,0.3335985558810499,0.3126982094189699,0.4774293863617538
16.661122513308552,0.3333910873511684,0.3127720578976057,0.4775613910844151
16.662064205525446,0.33318554050478155,0.31284531784425956,0.47769223041562137
16.662993451994737,0.33298189921155386,0.3129179927574245,0.47782191306668764
16.663910406915363,0.332780147447589,0.3129900861340317,0.47795044771163175
16.664815222861417,0.332580269295231,0.3130616014690245,0.47807784298680095
16.665708050792297,0.3323822489428556,0.3131325422550535,0.478204107490544
16.66658904006296,0.3321860706846528,0.3132029119821491,0.47832924978287167
16.667458338434272,0.3319917189203999,0.3132726981600849,0.4784533010573172
16.668316080422496,0.33179917818724325,0.31334156471509905,0.4785767516876806
16.66916215110681,0.33160843380815386,0.31340987841672946,0.4786991003712694
16.669996699954822,0.331419470507476,0.3134776425970742,0.47882035554114477
16.67081987477631,0.33123227311355474,0.31354486058626635,0.4789405255907423
16.671631821735325,0.3310468265584807,0.3136115357121594,0.47905961887358983
16.672432685362388,0.33086311587782735,0.31367767129997054,0.4791776437030419
16.673222608566757,0.33068112621038004,0.31374327067196506,0.47929460835201626
16.67400173264872,0.33050084279785696,0.313808337147118,0.4794105210527602
16.67477019731198,0.33032225098462353,0.31387287404081604,0.4795253899966076
16.675528140676047,0.3301453362173975,0.31393688466452546,0.47963922333375536
16.676275699288702,0.32997008404494954,0.31400038066594965,0.47975201587724436
16.677013014617735,0.32979648009403784,0.3140633972200615,0.4798637256273592
16.677740251119552,0.3296245100057039,0.3141258967589342,0.47997442559289916
16.67845753974047,0.3294541596381999,0.31418788258369973,0.48008412372598985
16.67916500992313,0.32928541495042707,0.31424935798997744,0.4801928279371848
16.679862789618763,0.32911826200160244,0.31431032626762984,0.4803005460953068
16.680551005299638,0.32895268695092217,0.31437074494426764,0.48040728602726546
16.681229764481493,0.32878867583760063,0.3144306528538786,0.48051305565955593
16.681899186927293,0.3286262149723903,0.31449006474194446,0.480617862765531
16.68255939537055,0.3284652908204073,0.3145489838475801,0.48072171504043254
16.68321051110238,0.3283058899451584,0.3146074134032248,0.4808246201371322
16.68385265398411,0.3281479990081778,0.3146653566343977,0.48092658566599067
16.684485942459915,0.32799160476865663,0.314722800253187,0.4810276422785706
16.68511048149047,0.32783669411467453,0.3147794759629032,0.48112817733527913
16.685726175949796,0.3276832545517181,0.31483568148721774,0.4812277911177064
16.686333145544868,0.32753127313789177,0.31489141989705327,0.4813264910910721
16.686931508521337,0.3273807370269144,0.31494669425730815,0.48142428467773846
16.687521381677406,0.32723163346773787,0.31500150762657053,0.481521179257138
16.688102880377656,0.32708394980416033,0.31505586305689287,0.481617182165679
16.688676118566857,0.3269376734744359,0.3151097635935377,0.4817123006967025
16.689241208783688,0.32679279201087874,0.31516321227475325,0.481806542100404
16.689798262174456,0.3266492930394642,0.31521621213151274,0.48189991358377965
16.69034738850679,0.32650716427942483,0.3152687661872962,0.48199242231059286
16.690888696183226,0.32636639354284336,0.3153208774578881,0.48208407540131626
16.691422292254824,0.3262269687342402,0.31537254895112005,0.48217487993311636
16.691948282434645,0.3260888778501587,0.31542378366669543,0.4822648429398194
16.692466771111256,0.3259521089787474,0.31547458459594047,0.48235397141188663
16.692977861362134,0.32581665029933615,0.315524954721628,0.4824422722964175
16.693481654967023,0.32568249008201167,0.315574897017773,0.4825297524971272
16.693978252421253,0.32554961668718874,0.31562441444942196,0.48261641887435225
16.694467752948945,0.3254180185651775,0.3156735099724787,0.48270227824506223
16.6949502545162,0.3252876842557494,0.3157221865335299,0.482787337382873
16.695425853844256,0.3251586023876999,0.3157704470696092,0.4828716030180413
16.695894646422456,0.3250307616784073,0.31581829450808774,0.4829550818375262
16.69635672652129,0.32490415093339,0.3158657621700152,0.4830377446011447
16.696812207952558,0.32477875901942965,0.31591283177045876,0.48311962313873885
16.697261188641065,0.3246545749101404,0.315959496366448,0.48320073556651066
16.697703758575184,0.32453158767425416,0.3160057588544459,0.48328108838133016
16.69814000658916,0.3244097864668053,0.3160516221203035,0.4833606880372491
16.698570020375534,0.3242891605286764,0.31609708903905803,0.48343954094557695
16.698993886497437,0.3241696991861438,0.3161421624747854,0.48351765347491493
16.699411690400847,0.3240513918504202,0.31618684528051566,0.4835950319512365
16.69982351642681,0.3239342280171956,0.3162310085123477,0.48367186431365317
16.700229351103832,0.3238181975069817,0.3162746876462693,0.4837481138638464
16.700629204143365,0.3237032901731045,0.31631798968409064,0.4838236447807192
16.701023160905933,0.3235894957684169,0.31636091733404004,0.4838984632418914
16.701411305617164,0.3234768041279913,0.31640347329437585,0.48397257538281757
16.701793721380735,0.3233652051686654,0.3164456602532061,0.48404598729685305
16.70217049019123,0.3232546888885842,0.3164874808884027,0.48411870503534543
16.70254169294694,0.3231452453667424,0.3165289378674302,0.4841907346077377
16.702907409462483,0.32303686476252447,0.3165700338472259,0.4842620819816464
16.703267718481417,0.32292953731524476,0.31661077147406685,0.4843327530829689
16.703622697688694,0.32282325334368567,0.3166511533834538,0.4844027537959867
16.703972423723037,0.3227180032456355,0.3166911822000154,0.48447208996347346
16.704316972189233,0.3226137774974245,0.31673086053733146,0.4845407673867901
16.70465641767031,0.32251056665346256,0.31677019099788845,0.4846087918260189
16.704990833739608,0.3224083613457728,0.3168091761729304,0.48467616900007493
16.70532029297277,0.3223071522835276,0.3168478186423559,0.4847429045868184
16.705644866959616,0.3222069302525824,0.3168861209746533,0.4848090042231883
16.705964626315918,0.3221076861150105,0.31692408572674924,0.4848744735053225
16.7062796406951,0.3220094108086351,0.3169617154439795,0.484939317988696
16.706589978799812,0.3219120953465644,0.31699901265993435,0.48500354318824884
16.706895708393393,0.32181573081672366,0.3170359798964114,0.4850671545785238
16.70719689631126,0.3217203083813883,0.3170726196633337,0.4851301575938123
16.707493608472195,0.32162581927671763,0.31710893445864885,0.4851925576282798
16.707785909889502,0.321532254812287,0.3171449267682683,0.48525436003613115
16.708073864682085,0.3214396063706214,0.3171805990659923,0.4853155701317491
16.708357536085455,0.32134786540672866,0.31721595381342604,0.4853761931898402
16.708636986462537,0.3212570234476333,0.3172509934599206,0.48543623444559564
16.7089122773145,0.3211670720919093,0.31728572044253145,0.48549569909483664
16.70918346929141,0.3210780030092151,0.3173201371859223,0.4855545922941904
16.709450622202787,0.320989807939828,0.31735424610232627,0.4856129191612222
16.70971379502808,0.3209024786941791,0.3173880495914837,0.48567068477462527
16.709973045927036,0.32081600715238834,0.3174215500406017,0.48572789417436585
16.710228432250002,0.3207303852638017,0.3174547498242822,0.4857845523618619
16.710480010548018,0.32064560504652684,0.31748765130448875,0.48584066430013373
16.710727836582944,0.32056165858697083,0.317520256830525,0.4858962349139934
16.71097196533742,0.3204785380393791,0.3175525687389499,0.48595126909020875
16.71121245102472,0.32039623562537334,0.31758458935356704,0.4860057716776739
16.71144934709853,0.3203147436334919,0.3176163209853827,0.4860597474875862
16.711682706262614,0.32023405441873043,0.3176477659325711,0.48611320129362756
16.71191258048038,0.32015416040208333,0.317678926480439,0.4861661378321315
16.712139020984395,0.3200750540700871,0.317709804901415,0.4862185618022827
16.712362078285704,0.31999672797436285,0.317740397941899,0.4862704859461973
16.71258179797602,0.31991917474361553,0.31777058828710464,0.4863220903405834
16.712798133667853,0.3198423873418508,0.31780050627282375,0.48637319416237773
16.71301113632624,0.3197663585174313,0.31783015405705745,0.48642380197292695
16.713220856182637,0.3196910810817103,0.3178595337859741,0.48647391829748926
16.713427342744545,0.31961654790858884,0.3178886475939016,0.48652354762543504
16.713630644805132,0.31954275193407344,0.31791749760321464,0.48657269441041673
16.713830810452666,0.31946968615583615,0.31794608592440093,0.4866213630705568
16.714027887079897,0.31939734363277594,0.3179744146559748,0.48666955798863115
16.714221921393328,0.31932571748457894,0.31800248588447155,0.4867172835122624
16.71441295942237,0.31925480089128333,0.3180303016844002,0.486764543954089
16.714601046528383,0.3191845870928425,0.3180578641182809,0.4868113435919707
16.714786227413658,0.3191150693886925,0.3180851752365685,0.4868576866691735
16.71496854613026,0.3190462411373176,0.3181122370776489,0.48690357739454954
16.715148046088753,0.3189780957558208,0.31813905166785417,0.48694901994273954
16.715324770066886,0.31891062671949244,0.31816562102142393,0.48699401845435597
16.71549876021814,0.31884382756138285,0.3181919471404878,0.4870385770361798
16.71567005808017,0.31877769187187543,0.3182180320150952,0.4870826997613507
16.715838704583174,0.31871221329826094,0.31824387762316686,0.4871263906695587
16.716004740058143,0.3186473855443147,0.3182694859305183,0.4871696537672414
16.716168204245033,0.31858320236987336,0.3182948588908472,0.48721249302777525
16.716329136300825,0.31851965759041556,0.3183199984457253,0.48725491239166857
16.716487574807484,0.31845674507664246,0.31834490652461095,0.4872969157667635
16.71664355777985,0.318394458754061,0.31836958504486546,0.48733850702842757
16.71679712267344,0.3183327926025683,0.31839403591170967,0.4873796900197423
16.7169483063921,0.31827174065603836,0.3184182610182994,0.48742046855171656
16.717097145295632,0.31821129700190987,0.31844226224566263,0.48746084640346016
16.71724367520728,0.31815145578077575,0.31846604146276714,0.4875008273224021
16.717387931421175,0.31809221118597586,0.31848960052648084,0.4875404150244767
16.717529948709647,0.3180335574631893,0.3185129412816278,0.487579613194322
16.717669761330455,0.3179754889100307,0.3185360655609864,0.4876184254854716
16.717807403033934,0.31791799987564695,0.31855897518527543,0.4876568555205602
16.717942907070082,0.31786108476031616,0.3185816719632384,0.4876949068915283
16.718076306195503,0.31780473801504894,0.3186041576915818,0.4877325831597927
16.718207632680326,0.3177489541411911,0.3186264341550609,0.48776988785647146
16.718336918314993,0.31769372769002835,0.31864850312644666,0.4878068244825651
16.71846419441698,0.31763905326239306,0.31867036636660884,0.4878433965091594
16.718589491837438,0.31758492550827333,0.31869202562447135,0.4878796073776227
16.718712840967733,0.31753133912642306,0.3187134826370904,0.48791546049980533
16.718834271745934,0.31747828886397467,0.318734739129638,0.4879509592582241
16.718953813663184,0.3174257695160537,0.31875579681549626,0.48798610700628103
16.719071495770052,0.3173737759253964,0.3187766573961765,0.4880209070684329
16.7191873466827,0.3173223029819666,0.31879732256145904,0.4880553627404122
16.719301394589074,0.3172713456225781,0.31881779398935955,0.4880894772894064
16.719413667254962,0.31722089883051574,0.31883807334616615,0.4881232539542616
16.71952419203,0.3171709576351621,0.3188581622865106,0.4881566959456758
16.719632995853583,0.3171215171116224,0.3188780624533325,0.48818980644639154
16.719740105260687,0.31707257238035447,0.31889777547798964,0.4882225886113929
16.71984554638769,0.31702411860679935,0.31891730298023696,0.48825504556810656
16.71994934497801,0.3169761510010146,0.3189366465682785,0.4882871804165782
16.720051526387735,0.3169286648173093,0.3189558078388287,0.48831899622968455
16.72015211559119,0.316881655353881,0.31897478837710935,0.48835049605331193
16.720251137186402,0.3168351179524552,0.3189935897569055,0.4883816829065625
16.720348615400493,0.31678904799792695,0.31901221354062465,0.48841255978192866
16.72044457409501,0.316743440918004,0.3190306612793159,0.4884431296455064
16.720539036771203,0.31669829218285317,0.31904893451270006,0.4884733954371629
16.720632026575217,0.3166535973047473,0.3190670347692352,0.4885033600707506
16.72072356630318,0.3166093518377153,0.3190849635661359,0.4885330264342756
16.720813678406316,0.3165655513771951,0.31910272240946014,0.48856239739009943
16.7209023849959,0.3165221915596864,0.31912031279408626,0.48859147577512935
16.720989707848183,0.316479268062408,0.319137736203816,0.4886202644009929
16.721075668409263,0.316436776602956,0.31915499411137405,0.48864876605424085
16.721160287799847,0.3163947129389636,0.3191720879785041,0.4886769834965301
16.721243586820034,0.31635307286776515,0.3191890192559623,0.4887049194647974
16.72132558595394,0.31631185222605995,0.3192057893836052,0.4887325766714617
16.72140630537431,0.31627104688957997,0.3192223997903903,0.48875995780460013
16.72148576494705,0.3162306527727575,0.3192388518944868,0.48878706552813467
16.721563984235747,0.31619066582839894,0.3192551471032748,0.48881390248201506
16.721640982506038,0.31615108204735587,0.3192712868134026,0.48884047128239744
16.72171677872999,0.31611189745820145,0.31928727241085425,0.4888667745218383
16.721791391590422,0.3160731081269086,0.31930310527097144,0.4888928147694569
16.72186483948511,0.31603471015652873,0.3193187867585351,0.4889185945711266
16.721937140531008,0.31599669968687505,0.31933431136650225,0.48894412564707773
16.72200830750196,0.3159590729055942,0.31934961601449674,0.48896949695912967
16.722078305344844,0.3159218261438532,0.3193647751003508,0.4889946141875856
16.722147152893346,0.3158849556523714,0.31937978991019167,0.48901947979560256
16.72221486868579,0.315848457717228,0.319394661720522,0.48904409622398304
16.72228147096953,0.31581232865955877,0.3194093917982669,0.48906846589135616
16.722346977705364,0.3157765648352542,0.31942398140080663,0.48909259119435294
16.722411406571847,0.3157411626346611,0.31943843177604525,0.48911647450777507
16.72247477496957,0.31570611848228514,0.3194527441623892,0.489140118184761
16.722537100025352,0.31567142883649535,0.3194669197888567,0.48916352455696643
16.722598398596393,0.3156370901892315,0.31948095987508845,0.4891866959347318
16.722658687274325,0.31560309906571304,0.3194948656313874,0.4892096346072436
16.72271798238929,0.3155694520241493,0.319508638258773,0.48923234284270456
16.722776300013884,0.31553614565545296,0.31952227894900814,0.48925482288851546
16.72283365596705,0.31550317658295524,0.3195357888846699,0.4892770769714152
16.722890065817968,0.31547054146212183,0.31954916923916826,0.4892991072976693
16.722945544889832,0.31543823698027285,0.3195624211768003,0.48932091605322536
16.723000108263626,0.3154062598563029,0.31957554585279385,0.4893425054038746
16.7230537707818,0.31537460684040464,0.31958854441335127,0.4893638774954229
16.723106547051888,0.3153432747137934,0.3196014179957068,0.4893850344538396
16.72315845145014,0.3153122602884336,0.3196141677281384,0.48940597838543093
16.72320949812503,0.31528156040676836,0.3196267947300549,0.48942671137699806
16.723259701000753,0.31525117194144936,0.31963930011203495,0.4894472354959899
16.72330907378065,0.3152210917950705,0.3196516849758238,0.489467552790667
16.723357629950584,0.3151913168999022,0.31966395041446327,0.4894876652902638
16.723405382782314,0.3151618442176277,0.3196760975122597,0.48950757500513237
16.723452345336753,0.3151326707390818,0.3196881273448903,0.4895272839269145
16.7234985304672,0.3151037934839923,0.319700040979407,0.48954679402867673
16.723543950822563,0.3150752095007209,0.31971183947430226,0.48956610726508576
16.723588618850478,0.31504691586600875,0.31972352387957037,0.48958522557254475
16.723632546800427,0.315018909684722,0.3197350952367258,0.48960415086935544
16.723675746726784,0.3149911880896006,0.31974655808181757,0.48962288301483897
16.723718232400586,0.3149637482481433,0.319757917311847,0.48964142162785396
16.723760019497906,0.31493658736304353,0.3197691663510317,0.48965977294950763
16.72380111934557,0.31490970264835316,0.3197803062115755,0.4896779388264333
16.72384154309037,0.3148830913450301,0.3197913378973705,0.4896959210879069
16.723881301701823,0.3148567507206942,0.31980226240407306,0.4897137215460066
16.72392040597492,0.3148306780693867,0.3198130807191559,0.4897313419957503
16.723958866532804,0.31480487071133123,0.31982379382191134,0.48974878421525075
16.723996693829452,0.3147793259926964,0.31983440268357105,0.4897660499658503
16.724033898152282,0.3147540412853608,0.31984490826728945,0.48978314099225706
16.724070489624715,0.31472901398667874,0.31985531152824914,0.4898000590227096
16.72410647820874,0.31470424151924936,0.3198656134136695,0.48981680576910264
16.7241418737074,0.31467972133068656,0.3198758148628783,0.48983338292712336
16.724176685767258,0.31465545089339053,0.31988591680736367,0.48984979217639424
16.724210923880843,0.31463142770432195,0.3198959201708111,0.48986603518062716
16.72424459738903,0.31460764928477725,0.31990582586914684,0.48988211358773276
16.72427771548339,0.31458411318016577,0.3199156348106228,0.4898980290299796
16.724310287208525,0.31456081695978944,0.3199253478958224,0.48991378312412065
16.724342321464363,0.3145377582166229,0.3199349660177427,0.48992937747152826
16.72437382700838,0.31451493456709667,0.3199444900618395,0.48994481365832926
16.724404812457866,0.3144923436508815,0.31995392090606056,0.4899600932555327
16.724435286292056,0.31446998313067387,0.3199632594209082,0.4899752178191761
16.724465256854344,0.3144478506919842,0.3199725064694815,0.48999018889043333
16.72449473235435,0.314425944042927,0.3199816629075411,0.4900050079957701
16.724523720870057,0.31440426091401064,0.3199907295835332,0.4900196766470533
16.724552230349836,0.314382799057932,0.3199997073386865,0.4900341963416936
16.724580268614503,0.3143615562493699,0.3200085970069934,0.49004856856275214
16.72460784335928,0.31434053028478204,0.3200173994152996,0.4900627947790995
16.724634962155786,0.3143197189822027,0.3200261153833704,0.49007687644550657
16.72466163245399,0.31429912018104256,0.32003474572391305,0.4900908150027981
16.72468786158408,0.31427873174189,0.32004329124260855,0.4901046118779522
16.724713656758375,0.3142585515463142,0.32005175273819125,0.49011826848424084
16.724739025073145,0.3142385774966693,0.32006013100251945,0.49013178622134457
16.724763973510473,0.31421880751590126,0.3200684268205538,0.4901451664754767
16.72478850894002,0.31419923954735507,0.32007664097045957,0.4901584106194934
16.7248126381208,0.3141798715545846,0.3200847742236466,0.4901715200130275
16.72483636770294,0.3141607015211638,0.3200928273448144,0.4901844960026001
16.724859704229377,0.31414172745049873,0.3201008010919811,0.4901973399217361
16.724882654137527,0.3141229473656424,0.32010869621655835,0.49021005309107857
16.724905223761002,0.3141043593091096,0.3201165134633952,0.4902226368185152
16.724927419331216,0.31408596134269584,0.3201242535708064,0.49023509239928564
16.724949246978984,0.3140677515472946,0.3201319172706412,0.4902474211160958
16.724970712736116,0.31404972802271847,0.32013950528832286,0.4902596242392284
16.72499182253702,0.3140318888875212,0.32014701834288434,0.4902717030266627
16.725012582220206,0.31401423227882086,0.3201544571470233,0.4902836587241765
16.725032997529798,0.31399675635212465,0.3201618224071845,0.49029549256547217
16.725053074117053,0.3139794592811562,0.3201691148235318,0.4903072057722654
16.725072817541808,0.31396233925768247,0.320176335090068,0.4903187995544111
16.72509223327394,0.31394539449134373,0.32018348389462636,0.4903302751100009
16.72511132669481,0.31392862320948445,0.32019056191894585,0.49034163362547706
16.725130103098607,0.31391202365698545,0.320197569838717,0.49035287627573565
16.725148567693807,0.313895594096098,0.32020450832362224,0.49036400422423304
16.725166725604478,0.31387933280627855,0.320211378037367,0.49037501862308736
16.72518458187166,0.31386323808402594,0.3202181796377545,0.4903859206131918
16.725202141454645,0.3138473082427191,0.3202249137766975,0.49039671132430185
16.72521940923231,0.31383154161245685,0.3202315811003101,0.49040739187515175
16.725236390004365,0.3138159365398987,0.32023818224888817,0.49041796337355315
16.725253088492643,0.31380049138810673,0.32024471785701536,0.49042842691648725
16.725269509342343,0.3137852045363897,0.3202511885535538,0.490438783590216
16.725285657123194,0.3137700743801485,0.3202575949617413,0.49044903447036853
16.725301536330715,0.313755099330721,0.3202639376992023,0.4904591806220561
16.725317151387397,0.3137402778152317,0.3202702173779815,0.49046922309994845
16.725332506643834,0.31372560827643947,0.3202764346046291,0.49047916294839267
16.725347606379895,0.3137110891725886,0.32028258998020764,0.4904890012014896
16.725362454805833,0.31369671897726015,0.3202886841003314,0.49049873888320156
16.72537705606343,0.3136824961792253,0.320294717555248,0.49050837700743855
16.725391414227047,0.3136684192822996,0.32030069092984825,0.49051791657816235
16.725405533304748,0.3136544868051987,0.3203066048037163,0.4905273585894624
16.72541941723932,0.3136406972813949,0.32031245975116307,0.49053670402566746
16.725433069909325,0.3136270492589758,0.3203182563413029,0.49054595386141586
16.725446495130182,0.3136135413005037,0.32032399513805004,0.490555109061768
16.725459696655086,0.3136001719828764,0.3203296767001799,0.4905641705822773
16.72547267817607,0.31358693989718844,0.32033530158138634,0.4905731393690902
16.72548544332497,0.3135738436485951,0.3203408703302997,0.49058201635902776
16.725497995674374,0.3135608818561769,0.320346383490516,0.4905908024796778
16.7255103387386,0.31354805315280443,0.3203518416006939,0.4905994986494845
16.725522475974614,0.3135353561850063,0.3203572451945366,0.4906081057778216
16.725534410782945,0.31352278961283586,0.32036259480084156,0.4906166247650889
16.725546146508606,0.3135103521097423,0.3203678909435672,0.49062505650279475
16.725557686441974,0.3134980423624387,0.32037313414186913,0.49063340187363713
16.725569033819674,0.313485859070776,0.3203783249100988,0.49064166175159324
16.72558019182544,0.3134738009476138,0.3203834637578945,0.4906498370019886
16.72559116359098,0.313461866718696,0.32038855119018594,0.4906579284815897
16.72560195219678,0.31345005512252466,0.3203935877072513,0.4906659370386909
16.725612560672957,0.31343836491023647,0.32039857380473763,0.49067386351317255
16.725622992000073,0.3134267948454802,0.3204035099737188,0.49068170873660394
16.725633249109904,0.31341534370429547,0.32040839670073257,0.49068947353230913
16.725643334886257,0.3134040102749912,0.32041323446779907,0.49069715871544867
16.72565325216573,0.31339279335802794,0.32041802375247436,0.49070476509309946
16.725663003738454,0.31338169176589836,0.32042276502788253,0.49071229346432166
16.725672592348886,0.3133707043230102,0.32042745876274614,0.49071974462024903
16.725682020696503,0.31335982986557076,0.32043210542144174,0.4907271193441603
16.72569129143657,0.3133490672414714,0.32043670546403474,0.4907344184115443
16.725700407180813,0.3133384153101737,0.3204412593462771,0.4907416425901833
16.725709370498144,0.3133278729425967,0.32044576751969006,0.49074879264023014
16.725718183915344,0.3133174390210044,0.3204502304315833,0.4907558693142676
16.725726849917752,0.313307112438896,0.32045464852509814,0.49076287335739793
16.725735370949938,0.3132968921008952,0.32045902223921985,0.49076980550729926
16.725743749416353,0.3132867769226415,0.32046335200882226,0.4907766664943018
16.725751987681978,0.3132767658306831,0.32046763826472785,0.4907834570414645
16.725760088072963,0.3132668577623686,0.3204718814337205,0.49079017786463874
16.725768052877267,0.31325705166574325,0.3204760819385609,0.490796829672533
16.725775884345275,0.3132473464994425,0.3204802401980672,0.49080341316679577
16.72578358469038,0.31323774123258863,0.320484356627114,0.49080992904206583
16.72579115608962,0.313228234844688,0.3204884316366667,0.4908163779860538
16.725798600684247,0.313218826325529,0.32049246563384004,0.4908227606796023
16.725805920580296,0.3132095146750813,0.32049645902192053,0.4908290777967521
16.725813117849192,0.3132002989033956,0.3205004122003602,0.49083533000480917
16.725820194528286,0.31319117803050434,0.3205043255648929,0.49084151796441394
16.725827152621395,0.31318215108632397,0.3205081995074697,0.49084764232959077
16.725833994099382,0.31317321711055746,0.32051203441638965,0.4908537037478361
16.725840720900667,0.3131643751525979,0.3205158306762395,0.49085970286015507
16.725847334931764,0.3131556242714334,0.3205195886679857,0.4908656403011419
16.72585383806779,0.3131469635355518,0.32052330876899837,0.49087151669903767
16.725860232152982,0.3131383920228483,0.32052699135305024,0.49087733267579076
16.725866519001205,0.31312990882053127,0.32053063679039057,0.49088308884711773
16.725872700396444,0.313121513025031,0.3205342454477411,0.49088878582256334
16.725878778093268,0.3131132037419091,0.320537817688366,0.49089442420556345
16.725884753817336,0.3131049800857678,0.3205413538720449,0.49090000459349825
16.725890629265866,0.3130968411801601,0.3205448543551651,0.49090552757776273
16.725896406108077,0.31308878615750313,0.320548319490718,0.4909109937438089
16.725902085985673,0.31308081415898803,0.320551749628316,0.49091640367121525
16.72590767051326,0.3130729243344951,0.3205551451142622,0.4909217579337393
16.72591316127882,0.3130651158425072,0.32055850629155325,0.4909270570993818
16.725918559844118,0.3130573878500241,0.3205618334999096,0.49093230173042923
16.72592386774514,0.31304973953247883,0.32056512707580426,0.4909374923835191
16.725929086492528,0.31304217007365376,0.3205683873525106,0.49094262960969515
16.72593421757197,0.31303467866559775,0.320571614660107,0.49094771395445724
16.725939262444623,0.31302726450854446,0.32057480932551424,0.4909527459578189
16.7259442225475,0.3130199268108309,0.32057797167253166,0.49095772615435945
16.72594909929388,0.3130126647888172,0.3205811020218369,0.490962655073281
16.725953894073694,0.31300547766680664,0.3205842006910621,0.49096753323845194
16.72595860825389,0.3129983646769672,0.320587267994786,0.490972361168476
16.725963243178814,0.312991325059253,0.32059030424455215,0.4909771393767167
16.725967800170597,0.3129843580613273,0.3205933097489208,0.4909818683713759
16.72597228052949,0.3129774629384855,0.32059628481350017,0.49098654865553665
16.725976685534256,0.312970638953579,0.32059922974095284,0.49099118072719733
16.725981016442496,0.31296388537694086,0.32060214483102056,0.4909957650793486
16.725985274491002,0.3129572014863108,0.3206050303805716,0.49100030219999635
16.725989460896088,0.3129505865667608,0.3206078866836221,0.49100479257223234
16.725993576853956,0.3129440399106235,0.32061071403133246,0.49100923667427004
16.725997623540987,0.3129375608174185,0.32061351271206545,0.4910136349794909
16.726001602114085,0.31293114859378157,0.32061628301142325,0.4910179879565013
16.726005513711016,0.31292480255339306,0.3206190252122241,0.4910222960691759
16.72600935945067,0.3129185220169082,0.32062173959455675,0.49102655977669696
16.726013140433412,0.31291230631188705,0.32062442643580835,0.49103077953361457
16.726016857741378,0.3129061547727259,0.320627086010697,0.49103495578988243
16.72602051243877,0.31290006674058835,0.320629718591276,0.49103908899090093
16.72602410557215,0.3128940415633389,0.3206323244469371,0.491043179577569
16.726027638170734,0.31288807859547463,0.3206349038445096,0.4910472279863302
16.72603111124666,0.3128821771980599,0.32063745704819685,0.49105123464920586
16.726034525795285,0.3128763367386602,0.32063998431966423,0.49105519999385083
16.726037882795453,0.31287055659127727,0.32064248591804057,0.4910591244435877
16.726041183209784,0.3128648361362848,0.3206449620999184,0.49106300841745665
16.72604442798492,0.31285917476036396,0.32064741311941597,0.49106685233025515
16.72604761805178,0.31285357185644136,0.32064983922818113,0.49107065659257354
16.726050754325843,0.3128480268236259,0.32065224067541037,0.4910744216108484
16.72605383770739,0.31284253906714643,0.32065461770787085,0.4910781477873925
16.726056869081752,0.31283710799829134,0.32065697056994824,0.4910818355204483
16.726059849319565,0.31283173303434697,0.3206592995036303,0.49108548520421785
16.726062779276997,0.3128264135985377,0.3206616047485498,0.4910890972289048
16.726065659796,0.3128211491199673,0.32066388654200906,0.4910926719807505
16.726068491704524,0.31281593903355787,0.32066614511899366,0.49109620984209096
16.726071275816786,0.31281078277999375,0.3206683807122128,0.4910997111913732
16.726074012933456,0.3128056798056622,0.32067059355207445,0.49110317640320433
16.72607670384188,0.31280062956259647,0.3206727838667615,0.49110660584839766
16.726079349316347,0.3127956315084197,0.3206749518822106,0.4911099998939858
16.72608195011825,0.31279068510628716,0.32067709782216924,0.4911133589032929
16.72608450699632,0.31278578982483274,0.3206792219081787,0.4911166832359355
16.72608702068685,0.31278094513811205,0.32068132435961644,0.4911199732478923
16.72608949191388,0.3127761505255493,0.3206834053937246,0.4911232292915134
16.72609192138938,0.312771405471882,0.3206854652256167,0.49112645171557756
16.726094309813508,0.3127667094671088,0.32068750406828517,0.4911296408653113
16.72609665787476,0.3127620620064355,0.3206895221326325,0.4911327970824306
16.726098966250156,0.3127574625902231,0.32069151962751663,0.491135920705187
16.72610123560546,0.3127529107239354,0.32069349675972914,0.49113901206837857
16.726103466595355,0.3127484059180887,0.32069545373404296,0.49114207150340716
16.72610565986361,0.3127439476882,0.32069739075319975,0.4911450993383002
16.72610781604327,0.3127395355547361,0.3206993080179809,0.491148095897745
16.726109935756842,0.3127351690430653,0.3207012057271663,0.4911510615031237
16.72611201961647,0.31273084768340653,0.3207030840775996,0.49115399647255725
16.72611406822408,0.3127265710107813,0.32070494326417953,0.49115690112091187
16.726116082171597,0.31272233856496434,0.32070678347989606,0.49115977575985764
16.726118062041042,0.31271814989043667,0.3207086049158212,0.491162620697888
16.726120008404756,0.3127140045363376,0.32071040776117643,0.4911654362403549
16.726121921825545,0.3127099020564177,0.32071219220328795,0.49116822268949556
16.726123802856815,0.3127058420089919,0.32071395842765577,0.49117098034447165
16.726125652042743,0.3127018239568943,0.3207157066179386,0.49117370950139294
16.726127469918445,0.31269784746743146,0.3207174369559972,0.49117641045334803
16.726129257010097,0.3126939121123383,0.3207191496218974,0.4911790834904473
16.726131013835108,0.31269001746773195,0.3207208447938986,0.4911817288998315
16.72613274090224,0.31268616311406905,0.3207225226485356,0.49118434696571867
16.72613443871178,0.31268234863610034,0.3207241833605969,0.4911869379694272
16.72613610775565,0.31267857362282847,0.320725827103114,0.4911895021894077
16.72613774851757,0.31267483766746407,0.32072745404744,0.49119203990126126
16.726139361473173,0.31267114036738375,0.320729064363216,0.49119455137778395
16.72614094709017,0.3126674813240877,0.320730658218409,0.491197036888988
16.72614250582845,0.31266386014315817,0.32073223577932813,0.49119949670212426
16.726144038140216,0.31266027643421734,0.3207337972106246,0.4912019310817174
16.72614554447013,0.31265672981088777,0.3207353426753382,0.49120434028959103
16.726147025255408,0.31265321989075057,0.3207368723348828,0.49120672458489345
16.72614848092598,0.31264974629530595,0.32073838634905755,0.4912090842241266
16.726149911904567,0.3126463086499335,0.32073988487610666,0.4912114194611743
16.726151318606856,0.31264290658385274,0.32074136807267256,0.4912137305473218
16.726152701441567,0.31263953973008396,0.32074283609388504,0.4912160177312874
16.726154060810593,0.31263620772541023,0.3207442890932897,0.4912182812592521
16.726155397109103,0.3126329102103387,0.32074572722293015,0.4912205213748732
16.726156710725657,0.3126296468290629,0.32074715063335657,0.4912227383193243
16.726158002042318,0.31262641722942597,0.3207485594735823,0.49122493233130515
16.726159271434764,0.31262322106288265,0.32074995389117666,0.491227103647079
16.726160519272383,0.31262005798446346,0.32075133403222866,0.49122925250049504
16.726161745918393,0.3126169276527374,0.32075270004136536,0.4912313791230049
16.72616295172991,0.31261382972977747,0.32075405206178953,0.49123348374369347
16.726164137058113,0.31261076388112363,0.32075539023526906,0.4912355665893051
16.726165302248265,0.3126077297757486,0.32075671470217043,0.49123762788426123
16.726166447639862,0.31260472708602216,0.3207580256014447,0.49123966785068773
16.726167573566727,0.31260175548767744,0.3207593230706875,0.4912416867084301
16.72616868035708,0.312598814659776,0.32076060724609057,0.49124368467509755
16.726169768333662,0.31259590428467476,0.32076187826251573,0.49124566196605457
16.72617083781379,0.3125930240479917,0.3207631362534674,0.4912476187944712
16.726171889109484,0.31259017363857333,0.3207643813511218,0.4912495553713325
16.726172922527518,0.3125873527484615,0.32076561368633005,0.4912514719054586
16.726173938369538,0.3125845610728609,0.3207668333886371,0.4912533686035315
16.726174936932136,0.3125817983101068,0.32076804058630737,0.49125524567012374
16.726175918506936,0.31257906416163384,0.32076923540632263,0.49125710330769945
16.726176883380656,0.3125763583319435,0.3207704179743859,0.4912589417166541
16.726177831835233,0.3125736805285738,0.3207715884149439,0.49126076109533096
16.726178764147864,0.31257103046206747,0.3207727468512149,0.49126256164003385
16.726179680591102,0.3125684078459422,0.3207738934051695,0.49126434354506615
16.726180581432924,0.3125658123966598,0.3207750281975642,0.49126610700272505
16.726181466936822,0.31256324383359657,0.32077615134795356,0.4912678522033446
16.726182337361863,0.31256070187901297,0.32077726297468484,0.49126957933530446
16.72618319296277,0.3125581862580251,0.32077836319492875,0.49127128858505265
16.72618403398999,0.3125556966985752,0.32077945212468656,0.491272980137123
16.726184860689784,0.31255323293140225,0.32078052987879146,0.49127465417415744
16.726185673304254,0.3125507946900148,0.3207815965709118,0.49127631087692547
16.726186472071458,0.3125483817106611,0.3207826523136213,0.49127795042434214
16.726187257225444,0.31254599373230296,0.32078369721830535,0.49127957299348346
16.72618802899635,0.31254363049658607,0.32078473139529584,0.4912811787596111
16.726188787610436,0.3125412917478143,0.3207857549537636,0.4912827678961838
16.726189533290174,0.3125389772329218,0.320786768001814,0.49128434057488174
16.72619026625429,0.3125366867014464,0.3207877706464606,0.49128589696562674
16.726190986717842,0.3125344199055029,0.3207887629936557,0.4912874372365889
16.726191694892265,0.3125321765997563,0.3207897451482619,0.491288961554219
16.726192390985464,0.31252995654139704,0.32079071721411234,0.49129047008324783
16.72619307520183,0.3125277594901139,0.3207916792939914,0.49129196298672956
16.72619374774233,0.3125255852080693,0.320792631489633,0.4912934404260268
16.726194408804556,0.31252343345987366,0.3207935739017795,0.49129490256085306
16.72619505858277,0.3125213040125602,0.3207945066301443,0.4912963495492878
16.72619569726798,0.31251919663556116,0.3207954297734353,0.49129778154777054
16.726196325047976,0.3125171111006817,0.32079634342936897,0.49129919871114647
16.726196942107396,0.31251504718207734,0.32079724769469653,0.4913006011926627
16.726197548627777,0.312513004656229,0.3207981426651601,0.49130198914399226
16.72619814478759,0.3125109833019186,0.3207990284355776,0.49130336271525266
16.726198730762302,0.31250898290020757,0.3207999050997912,0.49130472205501646
16.726199306724443,0.3125070032344114,0.3208007727507009,0.4913060673103238
16.726199872843644,0.3125050440900775,0.3208016314802701,0.4913073986267081
16.72620042928667,0.31250310525496283,0.3208024813795415,0.49130871614821037
16.72620097621749,0.3125011865190105,0.3208033225386371,0.491310020017381
16.726201513797303,0.3124992876743278,0.320804155046774,0.491311310375307
16.726202042184596,0.3124974085151637,0.32080497899226507,0.49131258736163275
16.7262025615352,0.31249554883788766,0.320805794462533,0.491313851114554
16.726203072002317,0.31249370844096724,0.3208066015441309,0.4913151017708546
16.72620357373657,0.312491887124947,0.32080740032271293,0.4913163394659043
16.72620406688603,0.3124900846924268,0.32080819088309437,0.49131756433368234
16.7262045515963,0.31248830094804125,0.32080897330923724,0.49131877650679373
16.72620502801053,0.312486535698439,0.3208097476842248,0.491319976116466
16.726205496269436,0.31248478875226116,0.32081051409034095,0.4913211632925948
16.726205956511386,0.31248305992012193,0.32081127260901016,0.4913223381637261
16.726206408872407,0.312481349014588,0.32081202332083575,0.49132350085708093
16.726206853486232,0.3124796558501586,0.3208127663056356,0.4913246514985808
16.72620729048435,0.312477980243245,0.3208135016423873,0.49132579021284634
16.726207719996026,0.3124763220121527,0.32081422940928045,0.49132691712320753
16.72620814214835,0.31247468097706,0.32081494968373425,0.49132803235173694
16.72620855706627,0.3124730569599997,0.32081566254235694,0.49132913601924394
16.72620896487262,0.31247144978484065,0.320816368061001,0.4913302282452923
16.726209365688177,0.3124698592772678,0.3208170663147451,0.49133130914821804
16.726209759631676,0.31246828526476467,0.320817757377898,0.4913323788451352
16.726210146819845,0.31246672757659366,0.3208184413240421,0.49133343745195024
16.726210527367446,0.31246518604377904,0.3208191182259888,0.49133448508338223
16.7262109013873,0.31246366049908836,0.32081978815583645,0.49133552185296453
16.726211268990337,0.31246215077701434,0.3208204511849376,0.49133654787305825
16.726211630285608,0.31246065671375756,0.3208211073839201,0.4913375632548687
16.72621198538033,0.3124591781472086,0.3208217568227008,0.49133856810846027
16.726212334379905,0.3124577149169312,0.3208223995705045,0.4913395625427504
16.726212677387952,0.3124562668641444,0.32082303569582893,0.49134054666554955
16.726213014506357,0.31245483383170625,0.32082366526649864,0.4913415205835468
16.726213345835273,0.31245341566409657,0.32082428834962706,0.4913424844023341
16.72621367147315,0.31245201220740015,0.32082490501168276,0.49134343822641324
16.72621399151682,0.3124506233092911,0.32082551531842385,0.49134438215921417
16.726214306061422,0.31244924881901526,0.32082611933495775,0.49134531630309647
16.726214615200522,0.31244788858737527,0.3208267171257437,0.49134624075935895
16.726214919026116,0.3124465424667139,0.3208273087545632,0.4913471556282682
16.72621521762862,0.3124452103108982,0.32082789428455855,0.4913480610090467
16.726215511096935,0.31244389197530464,0.3208284737782589,0.491348956999901
16.726215799518464,0.3124425873168022,0.32082904729751316,0.49134984369801904
16.72621608297912,0.3124412961937387,0.32082961490356454,0.49135072119958745
16.726216361563388,0.3124400184659242,0.3208301766570477,0.49135158959980374
16.72621663535429,0.3124387539946165,0.32083073261795375,0.4913524489928798
16.72621690443348,0.3124375026425068,0.3208312828456952,0.4913532994720594
16.72621716888121,0.31243626427370397,0.3208318273990511,0.49135414112961884
16.72621742877638,0.3124350387537208,0.32083236633621687,0.4913549740568909
16.72621768419655,0.31243382594945923,0.3208328997148086,0.4913557983442546
16.726217935217992,0.31243262572919595,0.3208334275918429,0.49135661408117004
16.726218181915662,0.3124314379625682,0.32083395002374915,0.4913574213561604
16.726218424363253,0.3124302625205607,0.32083446706640334,0.49135822025684417
16.72621866263323,0.31242909927549045,0.32083497877509737,0.49135901086993167
16.726218896796812,0.31242794810099395,0.3208354852045721,0.49135979328124524
16.726219126924022,0.31242680887201324,0.32083598640900013,0.4913605675757098
16.726219353083692,0.31242568146478267,0.32083648244201196,0.49136133383738156
16.726219575343492,0.31242456575681554,0.3208369733566946,0.4913620921494467
16.726219793769957,0.3124234616268907,0.3208374592055804,0.4913628425942333
16.726220008428477,0.31242236895504016,0.3208379400406801,0.49136358525322055
16.726220219383347,0.3124212876225354,0.3208384159134777,0.4913643202070483
16.726220426697772,0.3124202175118753,0.3208388868749279,0.49136504753551097
16.72622063043389,0.31241915850677304,0.3208393529754514,0.49136576731759796
16.726220830652775,0.31241811049214396,0.32083981426498465,0.491366479631469
16.726221027414486,0.31241707335409274,0.3208402707929419,0.4913671845544844
16.726221220778047,0.3124160469799019,0.3208407226082233,0.4913678821631983
16.72622141080149,0.3124150312580187,0.32084116975923266,0.4913685725333807
16.726221597541866,0.312414026078044,0.32084161229391234,0.491369255740017
16.72622178105525,0.31241303133071985,0.3208420502596744,0.4913699318573174
16.72622196139677,0.31241204690791824,0.3208424837034768,0.4913706009587278
16.726222138620628,0.3124110727026287,0.3208429126717788,0.491371263116928
16.726222312780102,0.3124101086089477,0.3208433372105774,0.4913719184038569
16.726222483927558,0.3124091545220665,0.3208437573653941,0.4913725668907067
16.726222652114487,0.3124082103382606,0.32084417318130404,0.49137320864792555
16.72622281739151,0.3124072759548774,0.32084458470289295,0.491373843745251
16.726222979808373,0.3124063512703268,0.32084499197431393,0.4913744722516829
16.726223139413996,0.3124054361840686,0.3208453950392654,0.4913750942355163
16.72622329625646,0.312404530596603,0.3208457939410014,0.4913757097643444
16.726223450383028,0.3124036344094595,0.3208461887223218,0.49137631890504974
16.726223601840164,0.31240274752518515,0.3208465794256022,0.49137692172383485
16.726223750673544,0.312401869847336,0.32084696609278324,0.49137751828621395
16.726223896928076,0.31240100128046555,0.3208473487653783,0.491378108657022
16.726224040647892,0.3124001417301143,0.3208477274844728,0.4913786929004287
16.726224181876386,0.3123992911028005,0.32084810229073385,0.4913792710799378
16.72622432065622,0.312398449306009,0.3208484732244186,0.49137984325839035
16.726224457029303,0.3123976162481822,0.3208488403253658,0.49138040949799083
16.726224591036868,0.3123967918387096,0.32084920363300923,0.49138096986029073
16.726224722719433,0.312395975987918,0.3208495631863821,0.4913815244062072
16.726224852116818,0.31239516860706273,0.32084991902413124,0.49138207319603144
16.72622497926819,0.3123943696083169,0.3208502711844656,0.49138261628942187
16.726225104212023,0.3123935789047625,0.32085061970526585,0.49138315374543334
16.72622522698617,0.312392796410381,0.3208509646239628,0.4913836856224981
16.726225347627818,0.3123920220400441,0.3208513059776525,0.49138421197844984
16.72622546617351,0.31239125570950466,0.3208516438030357,0.4913847328705278
16.726225582659197,0.31239049733538726,0.3208519781364194,0.49138524835536845
16.72622569712021,0.31238974683517906,0.32085230901377804,0.49138575848902993
16.726225809591273,0.3123890041272219,0.3208526364706731,0.49138626332699425
16.726225920106526,0.31238826913070283,0.32085296054234874,0.4913867629241587
16.726226028699514,0.31238754176564454,0.32085328126364315,0.4913872573348583
16.72622613540324,0.31238682195289846,0.32085359866906454,0.4913877466128716
16.726226240250117,0.31238610961413493,0.32085391279277253,0.4913882308114146
16.726226343272025,0.3123854046718353,0.3208542236685701,0.49138870998314976
16.726226444500288,0.31238470704928334,0.32085453132989683,0.49138918418020094
16.72622654396571,0.31238401667055704,0.3208548358098844,0.4913896534541551
16.726226641698567,0.3123833334605206,0.32085513714129077,0.4913901178560491
16.72622673772862,0.31238265734481585,0.3208554353565597,0.4913905774364146
16.726226832085118,0.31238198824985475,0.3208557304877971,0.49139103224524666
16.726226924796816,0.312381326102811,0.32085602256678497,0.4913914823320202
16.726227015891983,0.3123806708316126,0.32085631162495953,0.4913919277457089
16.7262271053984,0.31238002236493334,0.32085659769347336,0.4913923685347723
16.72622719334338,0.3123793806321862,0.32085688080311986,0.4913928047471729
16.72622727975377,0.31237874556351486,0.3208571609844046,0.4913932364303728
16.72622736465596,0.31237811708978647,0.32085743826750623,0.4913936636313423
16.726227448075882,0.31237749514258395,0.32085771268229674,0.4913940863965658
16.726227530039054,0.31237687965419914,0.3208579842583492,0.49139450477205526
16.72622761057052,0.3123762705576245,0.3208582530249133,0.49139491880333636
16.72622768969492,0.31237566778654724,0.32085851901097767,0.4913953285354654
16.72622776743648,0.3123750712753408,0.32085878224518255,0.4913957340130336
16.72622784381899,0.3123744809590586,0.32085904275592486,0.4913961352801764
16.726227918865852,0.31237389677342675,0.32085930057127515,0.49139653238055464
16.726227992600073,0.3123733186548372,0.3208595557190324,0.49139692535739987
16.726228065044257,0.31237274654034064,0.32085980822669774,0.49139731425347905
16.726228136220627,0.3123721803676398,0.32086005812151985,0.4913976991111284
16.726228206151024,0.3123716200750831,0.32086030543042265,0.4913980799722296
16.726228274856922,0.3123710656016573,0.3208605501800946,0.4913984568782528
16.726228342359413,0.31237051688698136,0.320860792396922,0.49139882987021916
16.72622840867925,0.31236997387129983,0.32086103210704386,0.4913991989887344
16.726228473836834,0.312369436495476,0.32086126933631226,0.4913995642739824
16.726228537852194,0.31236890470098644,0.32086150411032394,0.4913999257657313
16.72622860074504,0.31236837842991383,0.32086173645441246,0.4914002835033374
16.726228662534716,0.3123678576249408,0.32086196639364284,0.49140063752574653
16.72622872324028,0.3123673422293438,0.3208621939528382,0.491400987871504
16.72622878288043,0.31236683218698746,0.3208624191565429,0.49140133457875734
16.726228841473553,0.31236632744231774,0.32086264202908227,0.49140167768525467
16.72622889903772,0.3123658279403563,0.32086286259450636,0.49140201722835763
16.72622895559071,0.3123653336266947,0.3208630808766224,0.49140235324503556
16.726229011149975,0.31236484444748813,0.320863296899007,0.4914026857718819
16.726229065732678,0.3123643603494498,0.32086351068497065,0.4914030148451041
16.726229119355697,0.3123638812798455,0.3208637222576016,0.49140334050053786
16.726229172035623,0.3123634071864869,0.3208639316397514,0.49140366277364694
16.72622922378874,0.31236293801772697,0.3208641388540361,0.4914039816995289
16.72622927463107,0.3123624737224542,0.32086434392283686,0.49140429731291957
16.726229324578366,0.31236201425008614,0.32086454686829124,0.4914046096481873
16.726229373646117,0.312361559550565,0.3208647477123283,0.49140491873935194
16.726229421849514,0.3123611095743519,0.3208649464766512,0.49140522462007863
16.72622946920353,0.3123606642724216,0.32086514318272513,0.49140552732368264
16.726229515722853,0.3123602235962565,0.32086533785181226,0.49140582688313394
16.726229561421928,0.3123597874978422,0.3208655305049469,0.49140612333106437
16.72622960631495,0.312359355929662,0.32086572116294976,0.49140641669976143
16.726229650415885,0.3123589288446921,0.32086590984641816,0.4914067070211835
16.726229693738443,0.3123585061963955,0.3208660965757538,0.49140699432695717
16.72622973629611,0.31235808793871833,0.32086628137114265,0.4914072786483757
16.726229778102134,0.3123576740260836,0.320866464252547,0.4914075600164184
16.726229819169543,0.31235726441338696,0.32086664523975444,0.49140783846173297
16.726229859511125,0.3123568590559921,0.320866824352319,0.4914081140146527
16.72622989913949,0.3123564579097249,0.320867001609618,0.4914083867052024
16.72622993806698,0.31235606093086954,0.3208671770308028,0.4914086565630872
16.72622997630576,0.31235566807616355,0.32086735063485616,0.4914089236177097
16.726230013867774,0.3123552793027925,0.3208675224405533,0.4914091878981673
16.726230050764766,0.3123548945683865,0.3208676924664807,0.4914094494332544
16.726230087008286,0.31235451383101476,0.32086786073101164,0.49140970825146774
16.726230122609653,0.31235413704918125,0.3208680272523548,0.4914099643810074
16.726230157580034,0.31235376418182004,0.3208681920485257,0.49141021784978134
16.72623019193038,0.3123533951882914,0.3208683551373626,0.4914104686854118
16.726230225671465,0.3123530300283768,0.32086851653648285,0.49141071691522537
16.726230258813867,0.31235266866227485,0.32086867626338306,0.4914109625662804
16.726230291367994,0.3123523110505967,0.3208688343353303,0.4914112056653427
16.726230323344073,0.31235195715436215,0.32086899076942704,0.49141144623889843
16.726230354752143,0.3123516069349954,0.3208691455826038,0.4914116843131722
16.726230385602086,0.31235126035432037,0.3208692987916244,0.4914119199141082
16.726230415903615,0.31235091737455734,0.3208694504130647,0.49141215306737823
16.72623044566627,0.3123505779583178,0.3208696004633401,0.4914123837983981
16.726230474899424,0.31235024206860174,0.32086974895869597,0.4914126121323093
16.726230503612296,0.31234990966879206,0.32086989591520126,0.49141283809400316
16.726230531813947,0.3123495807226524,0.3208700413487664,0.4914130617081005
16.726230559513265,0.31234925519432144,0.32087018527514133,0.4914132829989812
16.72623058671901,0.31234893304831024,0.32087032770991003,0.49141350199075984
16.72623061343977,0.3123486142494978,0.3208704686684967,0.49141371870730916
16.726230639684008,0.31234829876312753,0.3208706081661671,0.49141393317225035
16.726230665460026,0.3123479865548031,0.3208707462180242,0.4914141454089596
16.726230690775992,0.31234767759048554,0.32087088283902193,0.4914143554405728
16.72623071563992,0.31234737183648853,0.32087101804396284,0.49141456328998634
16.72623074005969,0.3123470692594751,0.3208711518474891,0.4914147689798526
16.72623076404307,0.3123467698264545,0.3208712842640899,0.4914149725325979
16.72623078759766,0.31234647350477773,0.32087141530810775,0.49141517397041234
16.726230810730954,0.3123461802621349,0.3208715449937585,0.4914153733152563
16.726230833450295,0.3123458900665512,0.3208716733350763,0.49141557058885676
16.72623085576293,0.3123456028863836,0.32087180034596924,0.49141576581272745
16.726230877675942,0.3123453186903171,0.32087192604020764,0.4914159590081467
16.72623089919634,0.31234503744736175,0.3208720504313996,0.49141615019617957
16.726230920330973,0.312344759126849,0.3208721735330442,0.4914163393976719
16.72623094108659,0.31234448369842893,0.3208722953584631,0.49141652663324636
16.72623096146981,0.312344211132066,0.32087241592086957,0.49141671192332476
16.726230981487152,0.31234394139803634,0.32087253523332726,0.49141689528810273
16.726231001145024,0.3123436744669247,0.3208726533087815,0.49141707674757695
16.726231020449703,0.3123434103096211,0.3208727701600169,0.49141725632152833
16.72623103940738,0.3123431488973172,0.320872885799704,0.4914174340295447
16.72623105802414,0.3123428902015041,0.32087300024038606,0.49141760989099614
16.726231076305943,0.3123426341939681,0.32087311349446784,0.4914177839250615
16.72623109425866,0.3123423808467891,0.32087322557422904,0.49141795615072104
16.726231111888055,0.3123421301323357,0.3208733364918202,0.49141812658674866
16.7262311291998,0.3123418820232643,0.32087344625927516,0.4914182952517359
16.726231146199474,0.3123416364925141,0.32087355488848307,0.49141846216407237
16.726231162892535,0.3123413935133055,0.3208736623912423,0.49141862734195735
16.726231179284376,0.3123411530591371,0.32087376877919677,0.49141879080340717
16.726231195380276,0.3123409151037819,0.3208738740639004,0.49141895256624957
16.726231211185436,0.31234067962128576,0.3208739782567589,0.49141911264812144
16.726231226704964,0.31234044658596316,0.3208740813690855,0.49141927106648364
16.726231241943864,0.3123402159723958,0.3208741834120586,0.49141942783861275
16.726231256907077,0.3123399877554288,0.32087428439674365,0.4914195829816057
16.726231271599445,0.3123397619101683,0.3208743843341132,0.4914197365123834
16.72623128602573,0.3123395384119789,0.3208744832349908,0.4914198884476893
16.726231300190612,0.31233931723648123,0.3208745811101191,0.49142003880409585
16.72623131409869,0.3123390983595483,0.3208746779701144,0.4914201875979995
16.72623132775449,0.31233888175730384,0.3208747738254839,0.4914203348456346
16.726231341162446,0.3123386674061197,0.32087486868663906,0.4914204805630559
16.726231354326917,0.3123384552826124,0.32087496256385545,0.49142062476615767
16.726231367252197,0.3123382453636415,0.32087505546734624,0.491420767470672
16.726231379942508,0.31233803762630685,0.32087514740717205,0.4914209086921642
16.726231392401978,0.31233783204794574,0.32087523839331844,0.49142104844603607
16.726231404634685,0.31233762860613046,0.3208753284356697,0.49142118674752966
16.72623141664462,0.31233742727866687,0.3208754175439972,0.49142132361173785
16.72623142843572,0.31233722804359065,0.3208755057279656,0.49142145905358525
16.72623144001186,0.31233703087916553,0.3208755929971444,0.4914215930878475
16.726231451376815,0.3123368357638807,0.32087567936102745,0.49142172572914694
16.726231462534322,0.3123366426764492,0.3208757648289691,0.4914218569919475
16.726231473488046,0.3123364515958046,0.32087584941025504,0.491421986890575
16.726231484241584,0.31233626250109914,0.320875933114082,0.4914221154392004
16.72623149479848,0.3123360753717018,0.32087601594952114,0.49142224265183865
16.72623150516221,0.3123358901871951,0.32087609792558053,0.49142236854237875
16.7262315153362,0.31233570692737445,0.32087617905114746,0.4914224931245456
16.726231525323787,0.3123355255722443,0.3208762593350462,0.49142261641193596
16.726231535128274,0.31233534610201685,0.3208763387859877,0.491422738417998
16.72623154475292,0.31233516849710974,0.3208764174126073,0.4914228591560462
16.726231554200904,0.312334992738144,0.32087649522343586,0.49142297863924483
16.726231563475356,0.31233481880594194,0.32087657222692983,0.49142309688063923
16.72623157257935,0.31233464668152433,0.32087664843144825,0.49142321389312305
16.726231581515904,0.3123344763461099,0.3208767238452733,0.4914233296894687
16.726231590288005,0.31233430778111193,0.3208767984765955,0.49142344428230106
16.726231598898554,0.3123341409681364,0.3208768723335302,0.49142355768413193
16.72623160735043,0.3123339758889808,0.3208769454240857,0.4914236699073313
16.726231615646448,0.3123338125256312,0.32087701775621164,0.49142378096414463
16.72623162378937,0.3123336508602609,0.3208770893377617,0.49142389086668503
16.726231631781925,0.3123334908752282,0.32087716017652745,0.49142399962695227
16.72623163962679,0.3123333325530747,0.320877230280185,0.4914241072568077
16.726231647326582,0.3123331758765233,0.3208772996563634,0.49142421376799406
16.726231654883886,0.3123330208284759,0.32087736831260727,0.4914243191721368
16.726231662301245,0.3123328673920125,0.3208774362563652,0.4914244234807403
16.726231669581146,0.31233271555038833,0.32087750349501487,0.4914245267051813
16.72623167672603,0.31233256528703257,0.3208775700358824,0.4914246288567261
16.726231683738323,0.31233241658554667,0.3208776358861957,0.4914247299465188
16.726231690620367,0.3123322694297025,0.3208777010530979,0.4914248299855951
16.726231697374498,0.3123321238034398,0.32087776554368186,0.49142492898487117
16.72623170400299,0.3123319796908657,0.3208778293649575,0.4914250269551448
16.726231710508088,0.3123318370762519,0.32087789252386045,0.49142512390711585
16.726231716892002,0.312331695944034,0.3208779550272569,0.4914252198513561
16.72623172315689,0.3123315562788087,0.32087801688194006,0.4914253147983396
16.726231729304896,0.3123314180653328,0.32087807809463187,0.4914254087584292
16.72623173533809,0.3123312812885214,0.32087813867199405,0.49142550174187544
16.726231741258527,0.31233114593344646,0.32087819862060635,0.49142559375883155
16.726231747068244,0.31233101198533475,0.3208782579469807,0.4914256848193328
16.726231752769195,0.3123308794295664,0.3208783166575742,0.49142577493332207
16.726231758363344,0.3123307482516735,0.32087837475878217,0.49142586411063277
16.72623176385261,0.31233061843733845,0.3208784322568958,0.4914259523609975
16.726231769238865,0.312330489972392,0.3208784891581905,0.49142603969404697
16.726231774523956,0.3123303628428127,0.3208785454688397,0.49142612611931114
16.726231779709703,0.31233023703472373,0.32087860119497597,0.49142621164622835
16.726231784797886,0.3123301125343937,0.3208786563426449,0.4914262962841263
16.726231789790255,0.31232998932823264,0.320878710917862,0.4914263800422454
16.726231794688537,0.3123298674027922,0.3208787649265541,0.49142646292972997
16.72623179949443,0.31232974674476366,0.32087881837459364,0.49142654495562305
16.726231804209576,0.3123296273409769,0.32087887126779646,0.4914266261288808
